derivat,v_nummer,bt_nummer,at_nummer,prio,hybrid,besitzer_fuhrpark,ur_paket_name,werkstatt_name,start_ur,av_ur,umruststatus,antriebsart,basistyp,basisausfuehrung,pep_bauphase,laendervariante,motortype,av_first_istufe,first_istufe,current_istufe,umruestart,aufbauart,nummer_eintrittskarte,umruetsnummer,sab_termin,ist_ksps,ziel_i_stufe,ziel_sab,id_fzg
1ba708733b82,3380139bd5d1,14ec9dc646a9,b814e2d3ca9b,c0dc572faa94,97fcfadd6aae,62e7e113aa79,121476149b6b,02d60e8068de,557cd29e47cd,1e8ccfc4c1b1,1bd01793365b,8f66477f646c,5b5f6cbd1f67,2dbf72b294d1,cc89e5782b43,,7780dcacfc62,f41faa616c52,faa08e8e5fa2,56a700aeed3e,3f9e90c93f13,,,,,b87a54885dc8,,,
df1c8a376ed9,ce24ab31405b,2b4ba07bc432,0a38f11b1c7a,7501c3fcc8b7,7352775fc497,fc011a47cc97,d22b29dff6cd,7d155604a790,96a6a8bcc000,8f8d10c6f550,1bd01793365b,8f66477f646c,a89ee4e5ed3e,7c572aeb3f13,d716ade3ab1c,,7407dd70be70,92590b317897,599f770e0e8f,d55cd9db3b10,346a7f313799,,,,,b87a54885dc8,,,
59a51948daa0,592d5feb738e,b922f80b45b8,d3c984b0fcc4,c0dc572faa94,97fcfadd6aae,5d2182a2565e,f181f79d01c9,49273ad9281a,15e5fe9ab64d,1255aa92de8d,9fcc4e847992,6ded4dc64807,e40cbd778b10,2dbf72b294d1,6c56fcb0548e,,f274431cdbd1,927c07e9a44f,ae8b4fa36d41,0f60263bbdc7,f3b384d32e8f,2477e4e262e8,,1005c6c1afe6,b6739395c037,b87a54885dc8,dfe50da93f17,f2749c85767e,984b8a74bc07
18684484b8cd,6ea5594cfbeb,6bb83d4d9c9d,ea8aa264f6f6,c0dc572faa94,97fcfadd6aae,be6254b25b58,2561144d21d3,f5917c54ad2d,1fd6b5f9edda,d211152e6341,1bd01793365b,8f66477f646c,4e7cc063845a,2dbf72b294d1,d716ade3ab1c,39188eca93a5,21c869494c42,7aedaae1f6f0,a626c11339cb,b5bbbc9a5e2d,2127f0925976,,,8ca27ee19d49,3c2f19ae481b,b87a54885dc8,6c7db102491d,499e3cca70b2,
9b526c0080bb,3a94dbf7c5b0,d45783f14e6e,8efbad26c579,c0dc572faa94,97fcfadd6aae,be6254b25b58,0054634408a8,0292be6c4188,41671c5a9e2c,8586cb8d4f7b,1bd01793365b,8f66477f646c,680882457b76,2dbf72b294d1,6c56fcb0548e,39188eca93a5,6b6d5cff4f39,2f5986b98f03,b5de0535dd41,f3b59bf7ceda,2127f0925976,,,fc83e53228fb,cb20950ae14d,b87a54885dc8,7e14ddf11a99,64a02e641e03,
1ba708733b82,8b773ecbf4ce,7eec854c35d4,7e61757df3d3,c0dc572faa94,ad21b6c84713,be6254b25b58,69274e567d1a,cd6b24437c7d,60881138f827,0ac0a59f1519,1bd01793365b,8f66477f646c,f11cd4669dab,2dbf72b294d1,6c56fcb0548e,39188eca93a5,d062cff77226,ebaffc43e9b4,7b81134372d3,96ca389daf0a,41c9d19aadb9,,,,,b87a54885dc8,,,
9b526c0080bb,069d61b40b16,7777571d7e7f,e4f4937ffcb9,c0dc572faa94,ad21b6c84713,be6254b25b58,c80846d12a45,4fac7649ad4c,c4767fe87739,24e9a0be9074,1bd01793365b,8f66477f646c,eea482837b1c,2dbf72b294d1,d716ade3ab1c,39188eca93a5,46308087fd8c,28ca96589852,4501158da15c,2b25a6fea8be,2127f0925976,,,c57fb1cdd725,2b794598ac4e,b87a54885dc8,de24e05081b8,a3646d28902a,
d13b415bb448,4a513f5d79d4,02980f80215a,5903dd1cb6ca,7501c3fcc8b7,7352775fc497,62e7e113aa79,ebe2038d4929,57dcb62ec80a,174e54379915,a1689d726ad3,5390ce1f36c4,8f66477f646c,b1e146a7b02f,2dbf72b294d1,d716ade3ab1c,,689b6a3bd659,487bfdd7a8d6,8a989f69754b,f8cda8330f94,42c592477fce,,,,,b87a54885dc8,,,
d5396d89ce6f,4789fc07e065,8a0d71be223e,77836a5c7635,c0dc572faa94,97fcfadd6aae,be6254b25b58,f7621a059e9a,d95c35714e41,916b695e89c8,e6c01c71d9b5,1bd01793365b,8f66477f646c,d204f5f22f27,2dbf72b294d1,d716ade3ab1c,39188eca93a5,4a94a874b0c9,1ab38450d377,59c05aea5d13,70b48362d9e6,2127f0925976,,,b019787c7f3b,a5e69022ff0c,b87a54885dc8,95a3c5ac86c7,499e3cca70b2,
cf2659c8fc57,7ec638fd09e2,1a409512b394,839e030a6b63,c0dc572faa94,97fcfadd6aae,be6254b25b58,ee8506c648ef,49273ad9281a,094eac5d4b9d,5b9d3dbef568,1bd01793365b,8f66477f646c,257366d804c1,2dbf72b294d1,6c56fcb0548e,39188eca93a5,701fdf2d0753,775cc9c2a94b,b7cbccb2b138,8a82881fa6b6,f3b384d32e8f,,,b8d4d98b5183,408a5afd7557,b87a54885dc8,c9b4d68df065,3857823b399a,
4ea272eeacf3,274dfaa089eb,7e5f6155934f,c60b1c9fc1ea,7501c3fcc8b7,ad21b6c84713,"4,46042E+11",1be1934d95cf,02d60e8068de,d6b230ca939f,"5,81123E+11",5390ce1f36c4,8f66477f646c,f4522ab8fcc3,2dbf72b294d1,6c56fcb0548e,,ad184627bcdd,5b4157190ace,2b3b7a228337,2c1fbf8d4b83,2af36bd43472,,,,,b87a54885dc8,,,
f6f8e7019289,c1d8a2e35c79,b3a06c30df55,4f37310a2899,7501c3fcc8b7,7352775fc497,64942568e980,74ffd6cc2744,f5917c54ad2d,683de77231a7,897c98eb0310,1bd01793365b,8f66477f646c,8288a0b89ec4,2dbf72b294d1,6c56fcb0548e,,f1e5a74cbfc4,c104d7d232cd,e89f9cb51646,fc3cdc279352,42c592477fce,,,,,b87a54885dc8,,,
18684484b8cd,9aba91bb1b3a,8803a81a1e81,81cf3d7b712d,c0dc572faa94,97fcfadd6aae,be6254b25b58,57acd8e2f40b,d95c35714e41,20407f2be68e,602eaf216de3,1bd01793365b,8f66477f646c,120991b23360,2dbf72b294d1,48dd62e4384b,39188eca93a5,21c869494c42,a8fb46b60986,8a2fdb98f0a5,,2127f0925976,,,,d3d287ac8401,542fe33c95c1,533890c64d22,3857823b399a,
539d6e2c51fb,117a59e07e68,7d55df0842ab,6d7c7a1503dd,c0dc572faa94,97fcfadd6aae,fc011a47cc97,688ee3d704fb,96e6feddbd7c,4c8600ffc634,611ec16db272,1bd01793365b,8f66477f646c,7befeaa510e1,2dbf72b294d1,6c56fcb0548e,,c32a1cb0573d,c678fb13b835,b4073471727b,dfdbff77bf3b,42c592477fce,,,,,542fe33c95c1,,,
18684484b8cd,4c86a3f7c625,d02d2d9b720d,11c7cdf2f60d,c0dc572faa94,97fcfadd6aae,be6254b25b58,527bea61704e,c0dcaa8a410b,a32cc50e11e7,c30793795780,1bd01793365b,f0e5a389b806,eeda5dc264e7,2dbf72b294d1,6c56fcb0548e,39188eca93a5,d69d13040e8d,b4462fb1fec7,2875c27307a6,9ee8003eb334,2127f0925976,,,"9,51E+93",fe48706d7d81,b87a54885dc8,3462358f4e8f,c1cf38e11d5d,
9b526c0080bb,a33a9859347a,8cf7e1b382d9,5d76bbc8e08b,c0dc572faa94,ad21b6c84713,be6254b25b58,734a6a2f8a9b,7d155604a790,589d7d17bbad,cdf14d6fae51,1bd01793365b,8f66477f646c,6d217218b223,7c572aeb3f13,d716ade3ab1c,6b70dfecac2e,ad184627bcdd,b7e3fd3b78dd,d179bdc48335,e962760e9f67,42c592477fce,,,,,b87a54885dc8,,,
1ba708733b82,6de38d0c330a,11273590873e,7c0b85b639f0,c0dc572faa94,97fcfadd6aae,be6254b25b58,e74f40be146e,c0dcaa8a410b,2cccae838fbb,6da6963fa7f0,1bd01793365b,f0e5a389b806,99190d9f6b1c,2dbf72b294d1,d716ade3ab1c,39188eca93a5,d69d13040e8d,106a99f1ec78,226605ae6a02,c66690ed5a53,2127f0925976,,,,5166c727ccb4,b87a54885dc8,deb75a49ac11,3b6637668dab,
bf102bebf441,85bc4b7d31b7,988b3f49fa09,a0907fe35ffb,c0dc572faa94,ad21b6c84713,62e7e113aa79,d563bcac144c,c0dcaa8a410b,3dc1f86465ec,d808cbd05930,1bd01793365b,8f66477f646c,c131d7c2b2de,7c572aeb3f13,6c56fcb0548e,,f760a8b2cf9f,a1a4069dfdba,"6,27572E+11",202d72841f23,41c9d19aadb9,,,,,b87a54885dc8,,,
f6f8e7019289,5c60e67dc48c,60b9a085ff0b,c0b8a8e04340,c0dc572faa94,97fcfadd6aae,0115a5ee8f55,a563b675f695,,cabae6c7091d,1bd715ace747,1bd01793365b,6ded4dc64807,bd9751cdad5b,2dbf72b294d1,d716ade3ab1c,39188eca93a5,da0c12f788dc,b88f73119e48,3a553b660fb9,f5c60fff85f7,42c592477fce,,,,,b87a54885dc8,,,
d5396d89ce6f,a2052b452258,fff681427aa4,3029796b95eb,c0dc572faa94,97fcfadd6aae,be6254b25b58,1ed3e92b520e,c0dcaa8a410b,dfcb0e718fae,c9f54868fa87,1bd01793365b,8f66477f646c,5e434a18a02f,2dbf72b294d1,d716ade3ab1c,39188eca93a5,6aa7bedc6bd5,e89d50529019,59c05aea5d13,70b48362d9e6,2127f0925976,,,0ec51d5df026,87afa7cd41b6,b87a54885dc8,42b4ec7075dc,cfdb55afec75,
59a51948daa0,6eb882d16fd9,cb72a3d1231c,670bdd4a1688,c0dc572faa94,97fcfadd6aae,5d2182a2565e,f4a28160e087,49273ad9281a,a1445169bb84,b6f13a96d532,9fcc4e847992,6ded4dc64807,e40cbd778b10,2dbf72b294d1,cc89e5782b43,,f274431cdbd1,f9901f5540ed,857db7903c89,8f06c0de808b,3f9e90c93f13,2477e4e262e8,,,,b87a54885dc8,,,10aa57b076a0
d5396d89ce6f,c63d54546753,9e312aa6f72d,acdc5856f114,c0dc572faa94,97fcfadd6aae,be6254b25b58,7d760352523d,cd6b24437c7d,99b955e5b36a,5278dfbe42ec,1bd01793365b,8f66477f646c,5e434a18a02f,2dbf72b294d1,2d30e7acfdc1,39188eca93a5,6aa7bedc6bd5,cc9c080f1c52,6601a316fe68,,2127f0925976,,,3f7582d4df20,d3d287ac8401,542fe33c95c1,c9b4d68df065,3857823b399a,
039bab4ee99e,beb6a5411775,6fa2a2103923,369e18f287dc,c0dc572faa94,97fcfadd6aae,ec605ac2ade1,be47283e807f,c0dcaa8a410b,683de77231a7,ae806fc4fa92,1bd01793365b,6ded4dc64807,39cc9211d303,2dbf72b294d1,cc89e5782b43,,c83a267dd454,797b29484e37,c7a248e95331,7eccd831362c,3f9e90c93f13,,,,,b87a54885dc8,,,
f6f8e7019289,c0cd780888f5,8dab83b4035c,609eb7fbb3e5,c0dc572faa94,97fcfadd6aae,62e7e113aa79,5ea63dc36b62,96e6feddbd7c,f65d56a9c8e8,379f9b61ae62,1bd01793365b,8f66477f646c,9a7153a626f8,7c572aeb3f13,d716ade3ab1c,6b70dfecac2e,da0c12f788dc,7d728b5967c1,f69a7d5bc517,26782de06084,42c592477fce,,,,,b87a54885dc8,,,
9b526c0080bb,a403700761af,719076cf27f8,9afed6c66866,c0dc572faa94,97fcfadd6aae,be6254b25b58,5ca0aff3a459,0292be6c4188,ae41af82bcc2,fe7dd7ba41f4,1bd01793365b,8f66477f646c,1b60908e4c3f,7c572aeb3f13,d716ade3ab1c,6b70dfecac2e,6aa7bedc6bd5,623bdb27cbf3,b4fe64cad501,f0956abbcdce,2127f0925976,,,,2b794598ac4e,b87a54885dc8,5d138a6f3634,a3646d28902a,
7cbd4603c354,ea0eb76ca269,,445e6f53d64f,c0dc572faa94,97fcfadd6aae,be6254b25b58,dc1ae7915f13,,e4b4072ee08e,5b7677bca98b,1bd01793365b,f0e5a389b806,1127d312d432,7c572aeb3f13,e6b7b7dd7337,,2c80c86d40ca,0c7e5c12499f,cc19366233ea,6da5381c135e,42c592477fce,,,,,b87a54885dc8,,,
235a5927f11e,3d1e338e01b9,79dab92ae777,ad4807ad8ffb,c0dc572faa94,97fcfadd6aae,62e7e113aa79,48970291bcf2,4fac7649ad4c,6036bc74c2be,635ca0bd1628,1bd01793365b,6ded4dc64807,220ad120e6a1,2dbf72b294d1,6c56fcb0548e,,2e3b1f539654,4f96a91c3ed0,96bad40610e4,a6b219bdd186,2127f0925976,,,ce732fba5680,f38dc9dd8b99,b87a54885dc8,f3ce4e74efc2,1ac33e91cefc,
9b526c0080bb,5297f776b36e,13830a8d7a5b,85883eec786a,c0dc572faa94,97fcfadd6aae,5d2182a2565e,778bde306c1a,c0dcaa8a410b,0949a6a93c60,8bf5b2446873,5390ce1f36c4,8f66477f646c,f3db85a22af0,2dbf72b294d1,6c56fcb0548e,,6b6d5cff4f39,9498d9766b22,e3744b95c2f2,299c844fa58b,3340348813b0,,,9ff09947414a,195dc0db0a49,b87a54885dc8,fb76a0154037,ae4d235d2198,
9b526c0080bb,bc2e5177c4c1,b3a0740354c1,ee1110aa1a08,7501c3fcc8b7,97fcfadd6aae,62e7e113aa79,93ee854d6d7f,4ad9eee4e76e,64b804dc2fc8,63dedc04a090,1bd01793365b,8f66477f646c,434e4f2ad90e,7c572aeb3f13,6c56fcb0548e,6b70dfecac2e,4a94a874b0c9,775cc9c2a94b,28e9209bd6f8,5397fc70ca8c,2127f0925976,,,0f91b336a747,32d3ee3bf1e7,b87a54885dc8,7e1219ab3bfb,1ac33e91cefc,
1ba708733b82,a5ad276b2bb0,ce632b89d3a1,d377d8d3c969,c0dc572faa94,97fcfadd6aae,5d2182a2565e,84926b1958fe,c0dcaa8a410b,96a6a8bcc000,2e70705518b0,5390ce1f36c4,f0e5a389b806,a919f2ce44ff,2dbf72b294d1,cc89e5782b43,,21c869494c42,9b4731751eed,53c67aa686f4,2698efc7d197,3f9e90c93f13,,,,,b87a54885dc8,,,
f6f8e7019289,d87672a59ea7,374e74bbde72,fd1a01dd3659,c0dc572faa94,ad21b6c84713,62e7e113aa79,6dcde9edeec7,49273ad9281a,581330254ff0,8d0f94969e41,1bd01793365b,8f66477f646c,e08f284d1bdf,2dbf72b294d1,d716ade3ab1c,39188eca93a5,ad184627bcdd,10cd3943b7e6,dd504de33611,e8ac27ae9f0e,25357a25247c,,,,,b87a54885dc8,,,
9b526c0080bb,165537d6ba38,cdd60eda802a,8ee9af84bd3b,c0dc572faa94,ad21b6c84713,be6254b25b58,84d2a4f91a75,f5917c54ad2d,9edd98183a91,cdf14d6fae51,1bd01793365b,8f66477f646c,7387640c4d45,2dbf72b294d1,d716ade3ab1c,39188eca93a5,ad184627bcdd,31af59e456f0,d179bdc48335,0c86d66f8949,42c592477fce,,,,,b87a54885dc8,,,
539d6e2c51fb,66dfafe73bd6,30acfe430401,c99a2c71230d,c0dc572faa94,97fcfadd6aae,f9658baa72ee,4b0cb490a887,c0dcaa8a410b,4ee787908789,0369ea1af0ef,1bd01793365b,8f66477f646c,8dddb4b40ae4,2dbf72b294d1,cc89e5782b43,,c32a1cb0573d,d64f72e1701b,62ff84511610,03324daed561,3f9e90c93f13,,,,,b87a54885dc8,,,
ae60b1e9d706,0fbd56d8b9c2,de22ebac0822,4c3f18ee03b0,c0dc572faa94,97fcfadd6aae,be6254b25b58,8fbc80e3f91f,,2fff246507fb,117184793a27,5390ce1f36c4,8f66477f646c,f65bda53cde6,7a8aa91a3f38,e6b7b7dd7337,,33168d2b2614,e08dbba7d1be,7816c7b8984e,,42c592477fce,,,,,542fe33c95c1,,,
fde18eb3f053,9b0bff6a936d,22c5fb6ddc26,c4c01c6cc58b,c0dc572faa94,7352775fc497,be6254b25b58,5b7e7ee275ad,c0dcaa8a410b,9fff5e7aa372,9c99527c0a81,1bd01793365b,8f66477f646c,a9c773349f13,2dbf72b294d1,d716ade3ab1c,39188eca93a5,e0f04e38f1e4,b8194ccd5ade,ef4400a37b4c,609b980a70b3,ef05bb502f9b,,,b05eb6ca46b0,d17d97b28d38,b87a54885dc8,bfc4f054c9d7,6b9c3820f2a9,
18684484b8cd,d712e6f4edcb,89f70492ec2e,24d63abc73ba,7501c3fcc8b7,97fcfadd6aae,be6254b25b58,5afbb1b0d435,d95c35714e41,0010ff8bc62e,b2521cf7fe9a,1bd01793365b,f0e5a389b806,e6d33dbc5415,2dbf72b294d1,6c56fcb0548e,39188eca93a5,21c869494c42,01c98971995c,223ea7eeef7f,3fe9851031bf,2127f0925976,,,"9,51E+93",67a0f361c827,b87a54885dc8,3462358f4e8f,c1cf38e11d5d,
9b526c0080bb,a95fa5967d40,83e5c8283b21,0db0865a5aff,c0dc572faa94,ad21b6c84713,be6254b25b58,cd29886f56bd,b9df5af30d94,6100facfafc7,2e6e05854a1d,1bd01793365b,8f66477f646c,eea482837b1c,2dbf72b294d1,cc89e5782b43,39188eca93a5,46308087fd8c,f5d410e00204,4dfa4d0951b0,a97596c07bf7,42c592477fce,,,,,b87a54885dc8,,,
9b526c0080bb,ab951179d351,91a30149a85d,19087a5a27f4,7501c3fcc8b7,ad21b6c84713,62e7e113aa79,a5ef5b6b5ef7,46f9ac529d47,992972788c64,91ea3f2d23cd,1bd01793365b,8f66477f646c,c0d8f5788061,2dbf72b294d1,d716ade3ab1c,,47bf087f2682,7a8da0e099a0,065cfb5fc964,e6f23e271753,346a7f313799,,,,,b87a54885dc8,,,
9b526c0080bb,18084330738d,82aea6d361b4,083189dd711a,c0dc572faa94,ad21b6c84713,be6254b25b58,a4588d68654f,c0dcaa8a410b,f5caefa12d48,a1128434da66,1bd01793365b,8f66477f646c,eea482837b1c,2dbf72b294d1,d716ade3ab1c,39188eca93a5,46308087fd8c,35f1ebd01877,5f871ee4c2c5,490d96e559dd,2127f0925976,,,,16d195754f1d,b87a54885dc8,fadaf1efc970,41398b888caa,
9b526c0080bb,8185519d8c60,936e14ecac89,d3fc6a5abe09,c0dc572faa94,97fcfadd6aae,be6254b25b58,a74277261725,cd6b24437c7d,cd6483936e19,df58bd0fe9f3,1bd01793365b,6ded4dc64807,7b9a483c2f40,2dbf72b294d1,d716ade3ab1c,39188eca93a5,6aa7bedc6bd5,8da977470b25,a156d7dbede2,f6d708342075,2127f0925976,,,c57fb1cdd725,574ed218eabc,b87a54885dc8,900ef89398f6,05623b1abc65,
fde18eb3f053,dd076754e21c,ead15920eb9e,3c5586906080,c0dc572faa94,7352775fc497,62e7e113aa79,497eca901cb7,e5a3abf0def5,f51f0840ea73,b8475573852b,1bd01793365b,8f66477f646c,a9c773349f13,2dbf72b294d1,6c56fcb0548e,39188eca93a5,e0f04e38f1e4,71ccc08b8346,c19f3cb60cbb,,ef05bb502f9b,,,,47aaee81db6f,542fe33c95c1,1725e0d7b4e2,6636983cb3bb,
9b526c0080bb,5b0253633e6b,7e9274587759,a75dfc4acd64,c0dc572faa94,97fcfadd6aae,"4,46042E+11",f9766a73e43c,c0dcaa8a410b,20407f2be68e,602eaf216de3,1bd01793365b,8f66477f646c,434e4f2ad90e,7c572aeb3f13,6c56fcb0548e,6b70dfecac2e,4a94a874b0c9,08badebeb61a,ec117d2d5b0a,ba84803d022d,2127f0925976,,,,d3d287ac8401,b87a54885dc8,a3cb046a990b,3857823b399a,
d13b415bb448,759d0c645c5b,59568e9c7178,d01252fe6bd0,7501c3fcc8b7,7352775fc497,fc011a47cc97,8b162d7ba00f,f5917c54ad2d,a68c8bafa7e3,441218e539ba,1bd01793365b,8f66477f646c,9c5fab9761d3,2dbf72b294d1,6c56fcb0548e,,03a1dc0f106a,c3afc4b9f1cf,99a7bdcb23cb,ad0d21f3dd38,42c592477fce,,,,,542fe33c95c1,,,
d5396d89ce6f,2059712d0d7f,5e070a5b4bca,b75ef3ec7514,c0dc572faa94,97fcfadd6aae,be6254b25b58,996ae2dc0f62,c0dcaa8a410b,5b970e2d76dd,3780c320748f,1bd01793365b,8f66477f646c,5e434a18a02f,2dbf72b294d1,d716ade3ab1c,39188eca93a5,6aa7bedc6bd5,c3a1227f1e9c,9502daefdfa0,70b48362d9e6,2127f0925976,,,3dc5e4c0edad,850af7c79bb5,b87a54885dc8,68ea65a8b778,64a02e641e03,
18684484b8cd,c2f2fb115698,c2cb244b25fa,336143511d6a,7501c3fcc8b7,ad21b6c84713,62e7e113aa79,a576f4eed502,55953297ef85,b57068c446d2,c760e41f249b,1bd01793365b,8f66477f646c,28dd63b49af3,2dbf72b294d1,6c56fcb0548e,,d062cff77226,014aac88eb6a,8d7d42e2bdf9,a6371c028597,42c592477fce,,,,,b87a54885dc8,,,
8f299afacdd0,47bc9a773caa,65a363142060,0ca41029a4cb,c0dc572faa94,97fcfadd6aae,fc011a47cc97,88e6ef5b4d01,25fe7cf1be3a,a35bba19977c,f3ae6956eedf,1bd01793365b,8f66477f646c,3cf4b3634553,2dbf72b294d1,d716ade3ab1c,,6b6d5cff4f39,13a3c8e7f11c,9c29892d2818,02391110961f,42c592477fce,,,,,b87a54885dc8,,,
fde18eb3f053,a58e23f61a62,3854f40d3578,601349a3b7ff,c0dc572faa94,7352775fc497,45ec42f9e4ab,a04aa47b1aa4,c0dcaa8a410b,29e6e778ae1e,e46c39084360,5390ce1f36c4,8f66477f646c,9d24367ed26d,2dbf72b294d1,6c56fcb0548e,,9d3858837f4f,663856e3ffba,325713568ea7,aead585133a9,f3b384d32e8f,,,,e2e451453f85,b87a54885dc8,2d30e24e8003,83f6b59dbc05,
18684484b8cd,718a72af6649,e7c415a5f05e,7893309e4a22,c0dc572faa94,97fcfadd6aae,be6254b25b58,527bea61704e,854858060db3,a32cc50e11e7,89bfa6c36c4f,1bd01793365b,f0e5a389b806,dca0aa893c3c,2dbf72b294d1,d716ade3ab1c,39188eca93a5,d69d13040e8d,b6da7879374c,151afc5a1a88,e4763ddf8f42,2127f0925976,,,"9,51E+93",fe48706d7d81,b87a54885dc8,3462358f4e8f,c1cf38e11d5d,
f6f8e7019289,0b4f704ba764,11a1a88d64a5,e8ae4309aef6,7501c3fcc8b7,7352775fc497,62e7e113aa79,1d433fccbeb7,49273ad9281a,2ceea40f83ef,a9643b2685bf,5390ce1f36c4,8f66477f646c,2c87a8b55c80,2dbf72b294d1,6c56fcb0548e,,d882d26bc5a9,ec748eb629b6,132a5f19c819,6f7cdc758384,41c9d19aadb9,,,,,b87a54885dc8,,,
4ea272eeacf3,c41553f9a028,ada069af5b54,7e6f88e04927,c0dc572faa94,ad21b6c84713,be6254b25b58,f839381d8923,d7f230417953,916b695e89c8,d211152e6341,1bd01793365b,8f66477f646c,f4522ab8fcc3,2dbf72b294d1,d716ade3ab1c,39188eca93a5,ad184627bcdd,31af59e456f0,46c2e7205dff,3633a6b903d3,a83641f42d39,,,,,b87a54885dc8,,,
bf102bebf441,a6645a963aec,6e99691e32c0,cf353f515db7,c0dc572faa94,ad21b6c84713,62e7e113aa79,77a6e866394b,d7f230417953,8eaaf2227740,4ed25ab288b6,1bd01793365b,8f66477f646c,4bb32b8c9f52,2dbf72b294d1,cc89e5782b43,,f760a8b2cf9f,828ea63fd5ba,89696c6362f9,5fac390fad22,42c592477fce,,,,,b87a54885dc8,,,
f6f8e7019289,34b03c705a7e,0e8162a90b2d,ff2ef53ea17e,c0dc572faa94,ad21b6c84713,fc011a47cc97,7c60c16b7e17,02d60e8068de,42b5a5ba800a,ee13c754c6a2,1bd01793365b,6ded4dc64807,ff6e75d6da60,2dbf72b294d1,d716ade3ab1c,,bb0ee3025fe6,c1c227e7be84,50181990e47f,dc512be9d5cc,2127f0925976,2477e4e262e8,,4e9e556ca9a5,d3a2e6426a17,b87a54885dc8,ac08887f3694,7c06b5de89af,5981bb200049
1ba708733b82,20cd5850b56a,66e5f17aff6f,95206a23a4fa,c0dc572faa94,ad21b6c84713,be6254b25b58,03ed9d984b5c,f5917c54ad2d,09a686282334,4e355253f954,1bd01793365b,8f66477f646c,f11cd4669dab,2dbf72b294d1,d716ade3ab1c,39188eca93a5,d062cff77226,1995d744580d,fe84a1510da7,2ec17361303a,140c16cf68dc,,,f1fa36ef481f,f38dc9dd8b99,b87a54885dc8,7e3434ebdb3c,1ac33e91cefc,
bf102bebf441,76318815c110,22362a75483b,772b06f2056b,c0dc572faa94,ad21b6c84713,be6254b25b58,8b162d7ba00f,35cc024aa3af,3edeaab6b360,6c5abeaab38e,1bd01793365b,8f66477f646c,8f4edc13002a,7c572aeb3f13,7e10ba0b5ecd,6b70dfecac2e,78c6fab500b9,50ecd7698f5a,3c8cbc0527c5,1bbd38ff3a3a,42c592477fce,,,,,b87a54885dc8,,,
d80978b32a9b,840af10eb812,51e97f641dfa,177f081baff0,c0dc572faa94,97fcfadd6aae,62e7e113aa79,777f36b2612f,854858060db3,506ade852f73,9640fc887d9f,1bd01793365b,f0e5a389b806,8587edf3e5ad,7a8aa91a3f38,6c56fcb0548e,,21c869494c42,06872e59d37e,03455a6fb6c4,8530d4e2ee94,2127f0925976,,,,32d3ee3bf1e7,b87a54885dc8,77f7c0b391ed,1ac33e91cefc,
fde18eb3f053,b8cbf6d06aa7,03e710f3516c,8d85f9e5a99b,c0dc572faa94,7352775fc497,be6254b25b58,a12e7199ea73,c0dcaa8a410b,9fe55f22b54b,24f841c7fe6e,1bd01793365b,8f66477f646c,a9c773349f13,2dbf72b294d1,cc89e5782b43,,e0f04e38f1e4,a2efc4d468df,0649367eeb36,1a706ef46376,f3b384d32e8f,,,,cd026d556bb5,b87a54885dc8,7c65a03ad2fe,cf6edd0647b5,
bf102bebf441,d7b2ab1b04f8,0838a3729e3e,712af0a8370f,c0dc572faa94,ad21b6c84713,be6254b25b58,92d96036afd8,d7f230417953,7a3a0fa72416,474d6e8d9b60,1bd01793365b,8f66477f646c,3303ef3a5d61,7c572aeb3f13,d716ade3ab1c,6b70dfecac2e,f760a8b2cf9f,4836dbf4c051,84dbb212d1ba,39a8433232d4,41c9d19aadb9,,,,,b87a54885dc8,,,
d13b415bb448,37d60a34705c,6be832b669a2,702d0edfc5f3,7501c3fcc8b7,7352775fc497,62e7e113aa79,e5685f62a4b0,96e6feddbd7c,9a82c329ab7b,6f7b7539987f,1bd01793365b,8f66477f646c,9c5fab9761d3,2dbf72b294d1,d716ade3ab1c,,03a1dc0f106a,7d7a8ce4c3d6,2c766d8680d7,866a85fd15ad,a83641f42d39,,,,,b87a54885dc8,,,
f6f8e7019289,6e8fb514ed33,74adce4250fa,07ef1436edde,7501c3fcc8b7,7352775fc497,fc011a47cc97,c95bf1f8917e,25fe7cf1be3a,f46dde96810d,4a5cb7debfd7,1bd01793365b,8f66477f646c,2c87a8b55c80,2dbf72b294d1,6c56fcb0548e,,d882d26bc5a9,fa0e5c4ee412,0256cd21f856,273787b8da33,42c592477fce,,,,,b87a54885dc8,,,
df1c8a376ed9,60bd1001fcb6,9a0c117f6c2c,ab05ba2c9d49,7501c3fcc8b7,7352775fc497,62e7e113aa79,7685c7fcba49,cd6b24437c7d,080aa887ea06,e8d7f80d4fbd,1bd01793365b,8f66477f646c,70e6db82eba8,2dbf72b294d1,d716ade3ab1c,,689b6a3bd659,71939bf7ec6a,d70509e077ac,74bf4dd7a551,346a7f313799,,,,,b87a54885dc8,,,
fde18eb3f053,4617723b9f3b,dbcf562a5a20,d58d3160adde,7501c3fcc8b7,7352775fc497,62e7e113aa79,7c20f1a123aa,af21b6d72831,afb9ef25b07b,c6f348e738ed,1bd01793365b,8f66477f646c,a9c773349f13,2dbf72b294d1,6c56fcb0548e,39188eca93a5,e0f04e38f1e4,6f95e67adf47,b59e0b4d697b,68ce0f7d6be6,42c592477fce,,,,,b87a54885dc8,,,
1ba708733b82,ed28fb00e12d,b349b904a87c,e10e55c8a79c,c0dc572faa94,ad21b6c84713,be6254b25b58,1ddc5a603cc6,d7f230417953,5ec3ad0973ac,131991316b9c,1bd01793365b,8f66477f646c,f11cd4669dab,2dbf72b294d1,d716ade3ab1c,39188eca93a5,d062cff77226,bf7a8fa6b176,be3e58ede0a5,cd16d35b4ef5,41c9d19aadb9,,,,,b87a54885dc8,,,
039bab4ee99e,9f321b34062e,cb6834bf04dd,1d64da99ef7c,c0dc572faa94,97fcfadd6aae,62e7e113aa79,3ddfeb7580cd,d7f230417953,9429a3107166,c7395707d5ac,1bd01793365b,8f66477f646c,c3c573135698,2dbf72b294d1,d716ade3ab1c,,6aa7bedc6bd5,6b851a030ec7,c858323f7287,8d6b1c9fd6c1,41c9d19aadb9,,,,,b87a54885dc8,,,
29615f39c8d5,9d1109b13623,b5c78ace6c17,a7f20d6db076,c0dc572faa94,97fcfadd6aae,62e7e113aa79,d29e958bdd75,cd6b24437c7d,409438c7b73f,c634a6fa1819,1bd01793365b,f0e5a389b806,d24ee0e43eda,2dbf72b294d1,d716ade3ab1c,39188eca93a5,d69d13040e8d,c06cb14e5be8,79468ca57382,e8db61258670,2127f0925976,,,137bf4e1c9b1,408a5afd7557,b87a54885dc8,eaeb7b971c3d,3857823b399a,
f6f8e7019289,baf5223aaa21,0011f1705805,ece319aa8bfa,c0dc572faa94,ad21b6c84713,be6254b25b58,25bfc1cfa44b,4fac7649ad4c,653eab3d912c,1bd715ace747,1bd01793365b,6ded4dc64807,ca3b776f7104,2dbf72b294d1,d716ade3ab1c,39188eca93a5,4a701d42eb1e,b8a2e7a9d793,686c2bd892d0,f5c60fff85f7,2127f0925976,,,,d3d287ac8401,b87a54885dc8,748c0d04856b,3857823b399a,
8cb2849acfcc,0939a1940b7b,0ee9a05db4f5,2f5b444bede6,c0dc572faa94,97fcfadd6aae,fc011a47cc97,39bede2461d3,f5917c54ad2d,26ee7b08b27a,25e6b35e6d17,1bd01793365b,6ded4dc64807,5e21900b8521,2dbf72b294d1,cc89e5782b43,,f274431cdbd1,03b240f78dc1,d357ebc2c8e8,,42c592477fce,,,,,542fe33c95c1,,,
bf102bebf441,3458b850338c,64cfb36dacd5,5d2be6ed6619,c0dc572faa94,ad21b6c84713,be6254b25b58,7f4409d88961,35cc024aa3af,60bc7acaf1ae,931008cb1bbd,1bd01793365b,8f66477f646c,4bb32b8c9f52,2dbf72b294d1,d716ade3ab1c,39188eca93a5,f760a8b2cf9f,7be83f381727,2e08ad122185,c3642770fae4,42c592477fce,,,,,b87a54885dc8,,,
1ba708733b82,b62dc150d67b,f2c4a2cf001d,08ad7167bf58,c0dc572faa94,97fcfadd6aae,62e7e113aa79,6ec08fbd1ada,c0dcaa8a410b,5a26a16b965e,f9e8cb3c9334,1bd01793365b,8f66477f646c,c7d4697ab07b,2dbf72b294d1,6c56fcb0548e,39188eca93a5,8102b01ca6f2,06872e59d37e,7b81134372d3,96ca389daf0a,f3b384d32e8f,,,7b99a162704e,9d803343aead,b87a54885dc8,94531ccda794,d720dbb9c5f6,
9b526c0080bb,14f1a504044d,,68e860f63589,c0dc572faa94,ad21b6c84713,5d2182a2565e,ad53aabf41f8,c0dcaa8a410b,5f557b6ad1ec,9521edbd6d95,5390ce1f36c4,8f66477f646c,4bde44fa375b,2dbf72b294d1,6c56fcb0548e,,47bf087f2682,74b8738a9b18,89696c6362f9,5fac390fad22,3340348813b0,,,91581ef38ee9,fdf353bcbc71,b87a54885dc8,dfe50da93f17,f2749c85767e,
9b526c0080bb,4f222e61f27d,a7568b317438,968a7a6b8053,c0dc572faa94,ad21b6c84713,62e7e113aa79,dc1ae7915f13,af21b6d72831,9d0eaa27ffdf,54b670cadc8f,1bd01793365b,8f66477f646c,eea482837b1c,2dbf72b294d1,6c56fcb0548e,39188eca93a5,46308087fd8c,b79f1e829b06,b5de0535dd41,f3b59bf7ceda,42c592477fce,,,,,b87a54885dc8,,,
4ea272eeacf3,a8cf411c0896,29a8edc99436,23840ec25c6c,c0dc572faa94,97fcfadd6aae,be6254b25b58,26882f79a3f8,cd6b24437c7d,f3741461de44,3cc4c17094f5,1bd01793365b,8f66477f646c,a2589e36bf6a,2dbf72b294d1,2d30e7acfdc1,39188eca93a5,6b6d5cff4f39,5aab783dcd17,b915cda7cdca,,2127f0925976,,,f8137c6de59e,79f88f0ad3ac,542fe33c95c1,ea9c507f874c,499e3cca70b2,
1ba708733b82,658f04feb796,c84520e75166,850c980240cb,7501c3fcc8b7,7352775fc497,62e7e113aa79,40d6aa24ea81,f5917c54ad2d,49a31ea1f946,7d1ed3a7e0d1,1bd01793365b,f0e5a389b806,1248b88aca7e,2dbf72b294d1,6c56fcb0548e,,3be81a35402e,67cfcd2b2dcf,45200885cab5,1d5500935d14,42c592477fce,,,,,b87a54885dc8,,,
9b526c0080bb,6db09a0685fe,4c22a0a276bb,e4957863f10c,c0dc572faa94,7352775fc497,2f216d9ea4cf,5af9e4a915db,cd6b24437c7d,07d124ec5150,3ad5d0528d8f,1bd01793365b,8f66477f646c,96f2ba94bfa8,2dbf72b294d1,cc89e5782b43,39188eca93a5,e0f04e38f1e4,8f0f917aba41,213a49c95a61,,2127f0925976,,,fc83e53228fb,f38dc9dd8b99,542fe33c95c1,92d5b1c9714c,1ac33e91cefc,
039bab4ee99e,4d8763969874,3d1174406d33,7909831d31bf,c0dc572faa94,97fcfadd6aae,62e7e113aa79,6bb50b1df868,96e6feddbd7c,77816822f6ff,15e10158ecc7,1bd01793365b,8f66477f646c,c3c573135698,2dbf72b294d1,d716ade3ab1c,,6aa7bedc6bd5,fb8f9c9f0f3b,f3f6dd3bd293,5dcf40be158a,42c592477fce,,,,,b87a54885dc8,,,
1ba708733b82,c28785fa6565,4ac4cfe9a6ac,adf356124dbd,c0dc572faa94,7352775fc497,62e7e113aa79,0f1f1887ca2a,35cc024aa3af,737548dc0bf7,3f3da4d2d802,1bd01793365b,8f66477f646c,f9df49e8b50f,2dbf72b294d1,6c56fcb0548e,,252bdf80d0c5,42a9104bb052,720e121b8b2a,e9f365c94335,42c592477fce,,,,,b87a54885dc8,,,
18684484b8cd,583f6e6934ab,58e8cd94448a,4102a8bbe36c,c0dc572faa94,ad21b6c84713,62e7e113aa79,8a346b3d47e6,c0dcaa8a410b,62281ffed15d,964b9ad44a3d,1bd01793365b,8f66477f646c,28dd63b49af3,2dbf72b294d1,6c56fcb0548e,39188eca93a5,d062cff77226,9c15cbbba5bc,e306027484df,7354600ee252,2127f0925976,,,8ca27ee19d49,f03f86784719,b87a54885dc8,1e724e7893c6,63a3667e9399,
18684484b8cd,351d177611a0,9294976023d8,8567562ff774,c0dc572faa94,97fcfadd6aae,be6254b25b58,b8a2685c727d,c0dcaa8a410b,58fb54f13400,5417e21d4ab4,1bd01793365b,f0e5a389b806,dca0aa893c3c,2dbf72b294d1,6c56fcb0548e,39188eca93a5,d69d13040e8d,3bc42caa4af3,6f998f15d460,4c8800b3289a,2127f0925976,,,,4b692dee660e,b87a54885dc8,8931469e2584,a3646d28902a,
3405586682f1,8110d4c479a5,6bc7afaf3aca,a748f72e7ee2,c0dc572faa94,97fcfadd6aae,"4,46042E+11",5bf22094db1f,c0dcaa8a410b,07ddd02ada9e,4be005678963,5390ce1f36c4,6ded4dc64807,9c82dafbdffa,2dbf72b294d1,cc89e5782b43,,c32a1cb0573d,54ec7dfccbe4,5f09aaae8f9f,d890cd9c3a72,3f9e90c93f13,,,,,b87a54885dc8,,,
d5396d89ce6f,dca8202c101f,,002173621af2,c0dc572faa94,97fcfadd6aae,be6254b25b58,bfe9f84d94d8,c0dcaa8a410b,ac8b8e53d5ef,df73dc29c15f,1bd01793365b,8f66477f646c,0f59d76be328,2dbf72b294d1,cc89e5782b43,39188eca93a5,38bf445836ca,8b1286e673c8,89696c6362f9,424f72d8e75b,3f9e90c93f13,,,,,b87a54885dc8,,,
bf102bebf441,2610fb7749e6,6fa70176e48b,6168dfce5cf4,c0dc572faa94,ad21b6c84713,be6254b25b58,115d27ce5b93,cd6b24437c7d,4e8e2841e395,30f3267a9208,1bd01793365b,8f66477f646c,3303ef3a5d61,7c572aeb3f13,d716ade3ab1c,6b70dfecac2e,f760a8b2cf9f,35f1ebd01877,2e08ad122185,0d53b6f37cca,2127f0925976,,,17aee7911fa9,40943411d974,b87a54885dc8,a0d406aa5775,05623b1abc65,
1ba708733b82,73e6a410c63a,e0dca40dc5fd,0692ae4cebeb,c0dc572faa94,97fcfadd6aae,be6254b25b58,05ef3bfe6c09,,bf5b5653132a,1bd715ace747,1bd01793365b,f0e5a389b806,b950d9c51691,2dbf72b294d1,d716ade3ab1c,39188eca93a5,d69d13040e8d,40e14c278a27,9e1d46352f65,9f73281d955b,42c592477fce,,,,,b87a54885dc8,,,
4ea272eeacf3,287cead70832,0554908f7c28,4cf874f904cb,c0dc572faa94,ad21b6c84713,be6254b25b58,2f60600777ad,d95c35714e41,653eab3d912c,1bd715ace747,1bd01793365b,8f66477f646c,f4522ab8fcc3,2dbf72b294d1,d716ade3ab1c,39188eca93a5,ad184627bcdd,190de9c6d01d,46c2e7205dff,c4d099b0b4af,2127f0925976,,,3f7582d4df20,d3d287ac8401,b87a54885dc8,3441be78e3b8,3857823b399a,
bf102bebf441,faceb716cfdc,1d602e44ec6c,3784e7567101,c0dc572faa94,ad21b6c84713,62e7e113aa79,b3ed814e345c,4ad9eee4e76e,bf5b5653132a,9671d19d80c7,1bd01793365b,8f66477f646c,5224e35674c8,2dbf72b294d1,6c56fcb0548e,,f760a8b2cf9f,f369a125d077,"6,27572E+11",202d72841f23,2127f0925976,,,,d3d287ac8401,b87a54885dc8,e5b72068b0c0,3857823b399a,
cf2659c8fc57,d2ff9bbb697d,7e9cf38b5738,31a27c6ff8b5,c0dc572faa94,97fcfadd6aae,be6254b25b58,bc793aae78ca,49273ad9281a,2c56a561c3dd,cd4aab8a918c,1bd01793365b,8f66477f646c,b78ae6211ef2,2dbf72b294d1,cc89e5782b43,39188eca93a5,c0c398fda897,06872e59d37e,25e0add7004a,9ed17819be97,3f9e90c93f13,,,,,b87a54885dc8,,,
d5396d89ce6f,0c49432c76c5,380715b6e278,67f1e435fe40,c0dc572faa94,97fcfadd6aae,5d2182a2565e,11cc783ab27e,c0dcaa8a410b,02283bfd9e3d,46f07c981297,5390ce1f36c4,8f66477f646c,d204f5f22f27,2dbf72b294d1,6c56fcb0548e,,4a94a874b0c9,e5cd0e448955,e2fb7c7ccd3e,b266d4cf1fda,3f9e90c93f13,,,,,b87a54885dc8,,,
1ba708733b82,0015939ed917,b6ee46305b54,acfbad06bebb,7501c3fcc8b7,7352775fc497,62e7e113aa79,db3c69a4727e,c0dcaa8a410b,4c621b34cd10,b7f3751f97e3,1bd01793365b,8f66477f646c,f9df49e8b50f,2dbf72b294d1,6c56fcb0548e,39188eca93a5,252bdf80d0c5,8861613b8529,977c4a18c203,8bf2cb8561df,41c9d19aadb9,,,,,b87a54885dc8,,,
1ba708733b82,4dc586bffbe8,65ca077009b7,554cf330385a,c0dc572faa94,7352775fc497,5d2182a2565e,"9,39458E+11",c0dcaa8a410b,a1445169bb84,e4aa62467205,5390ce1f36c4,f0e5a389b806,47c8da303f70,2dbf72b294d1,6c56fcb0548e,,a61a62d79363,e2ed5f8cb8db,93a0065e3f6f,6d3e255ea9ed,f3b384d32e8f,,,,8b5b9fc7fb3a,b87a54885dc8,57dce0f9fd16,5ff4b80e3aaf,
4ea272eeacf3,a997d62b5747,251045b63968,c7ba790b9571,c0dc572faa94,ad21b6c84713,62e7e113aa79,088e5f7f2655,96e6feddbd7c,a66c7c7bab8f,c03794a2adce,1bd01793365b,8f66477f646c,f4522ab8fcc3,2dbf72b294d1,6c56fcb0548e,,ad184627bcdd,6dd890d361e1,2b3b7a228337,2c1fbf8d4b83,42c592477fce,,,,,b87a54885dc8,,,
d13b415bb448,c6467af0b057,5eb2b130968f,ce0403604ddf,7501c3fcc8b7,7352775fc497,62e7e113aa79,14126275174b,7d155604a790,1b40096b755d,5eaf76a6d7c6,1bd01793365b,6ded4dc64807,176242d26be4,2dbf72b294d1,d716ade3ab1c,,8ac5f9e15221,4691df41fc07,db5a382bc626,e50c66ff7533,ae516fed296d,,,,,b87a54885dc8,,,
29615f39c8d5,955a4bcc2fca,c0a37a32657e,7b0ba6be8bbe,c0dc572faa94,97fcfadd6aae,be6254b25b58,9fef1de26058,96e6feddbd7c,2873f89f1717,9839ead67077,1bd01793365b,f0e5a389b806,d24ee0e43eda,2dbf72b294d1,d716ade3ab1c,39188eca93a5,d69d13040e8d,b9e7d70cb294,79468ca57382,e8db61258670,42c592477fce,,,,,b87a54885dc8,,,
fde18eb3f053,8e7b97108bb1,7954e451575b,a5c5a461d79b,c0dc572faa94,7352775fc497,be6254b25b58,1518fe4c9d2e,c0dcaa8a410b,c8441a3defd7,5b46e4d0497a,1bd01793365b,8f66477f646c,85d3afad08f9,2dbf72b294d1,cc89e5782b43,39188eca93a5,87498d94d71b,9d6c937cc007,0dc8c41ec3f3,5c5c3668e400,3f9e90c93f13,,,,,b87a54885dc8,,,
fde18eb3f053,e9d014506a79,8334320a83a2,619c5d35d246,c0dc572faa94,7352775fc497,62e7e113aa79,559eeba8622c,c0dcaa8a410b,5a9d0beb68cb,6e36cd8754bf,1bd01793365b,8f66477f646c,1bc33af3ad37,2dbf72b294d1,6c56fcb0548e,39188eca93a5,87498d94d71b,410e130f7763,8e62be31ba86,c7f0fcbf0b00,2af36bd43472,,,,,b87a54885dc8,,,
039bab4ee99e,27527ac7cc89,905f1cd96c49,68356eeda149,c0dc572faa94,ad21b6c84713,62e7e113aa79,c6b97436db47,c0dcaa8a410b,966dd4cdd07d,cc34f9650520,5390ce1f36c4,8f66477f646c,67a478d10862,2dbf72b294d1,cc89e5782b43,,4a701d42eb1e,4f408a851fa3,bbfaecbc9536,f109a60d9353,3f9e90c93f13,,,,,b87a54885dc8,,,
bf102bebf441,55879f9fd34e,15fba607c466,f80f901ba17e,c0dc572faa94,ad21b6c84713,62e7e113aa79,d77563f2cba8,d7f230417953,45cdc68747c4,15d6e49a9946,1bd01793365b,8f66477f646c,e9f497afc497,2dbf72b294d1,d716ade3ab1c,39188eca93a5,ad184627bcdd,c74b15e4a6cb,84dbb212d1ba,39a8433232d4,42c592477fce,,,,,b87a54885dc8,,,
039bab4ee99e,24704ba5ceac,4a7ea2cc8e92,"6,29523E+11",c0dc572faa94,97fcfadd6aae,62e7e113aa79,1f783cfced00,35cc024aa3af,6d27ddb1fa8e,72be5c765ab5,5390ce1f36c4,8f66477f646c,3307658f8b2f,2dbf72b294d1,6c56fcb0548e,,da0c12f788dc,53f4879007bf,384ee2217658,,42c592477fce,,,,,542fe33c95c1,,,
f6f8e7019289,a0defc5ad386,af0fb9c2577b,c6b58553c872,7501c3fcc8b7,7352775fc497,62e7e113aa79,b2ea9d5617b5,c0dcaa8a410b,2ecd87aec2aa,7ab08b6b0946,5390ce1f36c4,8f66477f646c,2c87a8b55c80,2dbf72b294d1,6c56fcb0548e,,d882d26bc5a9,ec748eb629b6,132a5f19c819,6f7cdc758384,2af36bd43472,,,,,b87a54885dc8,,,
8cb2849acfcc,268c9d256071,64c2182aad18,7c8e3dceaf34,c0dc572faa94,97fcfadd6aae,"4,46042E+11",25e893565dc6,c0dcaa8a410b,221d6303d26c,942e2ceab246,1bd01793365b,6ded4dc64807,5e21900b8521,2dbf72b294d1,cc89e5782b43,,f274431cdbd1,8322e5a1a9ca,d357ebc2c8e8,,41c9d19aadb9,c38a86ea90ce,,,,542fe33c95c1,,,6173f8bdd5d5
9b526c0080bb,90ed316ff6e1,92061beca336,1580139c6a7d,7501c3fcc8b7,7352775fc497,62e7e113aa79,a338295e8157,c0dcaa8a410b,9429a3107166,e2100b70affb,5390ce1f36c4,8f66477f646c,fbbea71d86a6,2dbf72b294d1,2d30e7acfdc1,,55d80f0579e7,043de96084c3,89696c6362f9,e869e256e430,2af36bd43472,,,,,542fe33c95c1,,,
18684484b8cd,017b303711b9,5319435ff6ef,24005f59a146,c0dc572faa94,ad21b6c84713,be6254b25b58,4b6f664b48ef,c0dcaa8a410b,2c56a561c3dd,51acd48ff883,1bd01793365b,8f66477f646c,b8c6b440a127,2dbf72b294d1,d716ade3ab1c,39188eca93a5,d062cff77226,3ded6193e469,4c6d86747fd3,c66690ed5a53,2127f0925976,,,3057d7e07a55,9ef7b528d0d0,b87a54885dc8,6688c1254442,64a02e641e03,
1ba708733b82,3cb6aec24701,0c687b8f3484,c19c878393d2,c0dc572faa94,7352775fc497,62e7e113aa79,591571312a16,c0dcaa8a410b,5a26a16b965e,691ad693ac60,5390ce1f36c4,f0e5a389b806,1248b88aca7e,2dbf72b294d1,6c56fcb0548e,,3be81a35402e,7ad9f841ed83,7b81134372d3,,41c9d19aadb9,,,,,542fe33c95c1,,,
f6f8e7019289,fc3a474ddc9b,52a97d308ca1,29e41ac16e77,c0dc572faa94,97fcfadd6aae,be6254b25b58,f534aa25b1f2,4fac7649ad4c,bfdee348fcb4,f57b64826d10,1bd01793365b,8f66477f646c,956fc5a4f6ea,7c572aeb3f13,d716ade3ab1c,6b70dfecac2e,6aa7bedc6bd5,60090bbaaa45,d6c7ff96c692,502e68813926,2127f0925976,,,006e042999f6,ae28c9388336,b87a54885dc8,1997e54572a0,1ac33e91cefc,
9b526c0080bb,17d4ed08069d,10bbe285acc6,275bfd8e3638,c0dc572faa94,97fcfadd6aae,62e7e113aa79,988febb8148b,49273ad9281a,2fff246507fb,0c89f45fbbf2,1bd01793365b,6ded4dc64807,7b9a483c2f40,2dbf72b294d1,cc89e5782b43,39188eca93a5,6aa7bedc6bd5,8861613b8529,213a49c95a61,61b9300d6932,f3b384d32e8f,,,36be2b3cb3bb,820de00a5e60,b87a54885dc8,6cc8e1cb4924,64a02e641e03,
f6f8e7019289,69cd99af55b2,60071b5c48c8,1a45dde989c9,c0dc572faa94,ad21b6c84713,fc011a47cc97,6924d7d0be95,02d60e8068de,9b705a58dd22,ed81477d9924,1bd01793365b,8f66477f646c,65d7aa7f83b6,2dbf72b294d1,d716ade3ab1c,,47bf087f2682,1d4e29848043,90cc08d900ff,91f0660d9238,20eef476e2f6,2477e4e262e8,,22bd5fbfe82d,b9c49cf3782e,b87a54885dc8,e065520f3632,22ff55794ef6,8bf471a2ccc7
039bab4ee99e,f7c0d459d291,65aee72e1db0,fd388a635850,c0dc572faa94,97fcfadd6aae,5d2182a2565e,817ebef1d586,c0dcaa8a410b,13af29edeb31,45fe5eedfc96,f07e857aee29,8f66477f646c,0176130dcac8,2dbf72b294d1,cc89e5782b43,,6b6d5cff4f39,4c491600fa0f,4f5117d504e5,3c403f1b6a80,3340348813b0,,,d9c4eff77a63,8b5b9fc7fb3a,b87a54885dc8,c924dae891b4,5ff4b80e3aaf,
1ba708733b82,84aecb939e71,2a76595fa525,ce5df7d4a4bf,c0dc572faa94,7352775fc497,be6254b25b58,4f33e5b7823f,cd6b24437c7d,bb2c22b55723,d754103123a4,1bd01793365b,8f66477f646c,f9df49e8b50f,2dbf72b294d1,d716ade3ab1c,39188eca93a5,252bdf80d0c5,5c9e4d41046f,7663182e829b,bd05c6a324bc,2127f0925976,,,"9,51E+93",40943411d974,b87a54885dc8,e83e26790944,05623b1abc65,
1ba708733b82,3efac47f0060,8c29df724218,195da4f160c0,c0dc572faa94,97fcfadd6aae,be6254b25b58,db8e65aa5905,854858060db3,1bfdd48ac6bb,7bfdc74748ba,1bd01793365b,f0e5a389b806,59124f17d5ba,2dbf72b294d1,d716ade3ab1c,39188eca93a5,8102b01ca6f2,9ea963d6d1d3,226605ae6a02,9f73281d955b,2127f0925976,,,93d5db8e8508,cb20950ae14d,b87a54885dc8,6688c1254442,64a02e641e03,
bf102bebf441,54db178378d0,85a56aeb15c9,832e89a75e03,c0dc572faa94,ad21b6c84713,be6254b25b58,99735354502a,d7f230417953,abc0fd3860b8,14f292d0519b,1bd01793365b,8f66477f646c,5224e35674c8,2dbf72b294d1,d716ade3ab1c,39188eca93a5,f760a8b2cf9f,5dfd26deb633,7b78a8cc8a76,8c216a6ce475,41c9d19aadb9,,,c64614b2cbcd,,b87a54885dc8,,,
9b526c0080bb,ab23bd769b27,28210b34a497,8ce47ca5a78f,c0dc572faa94,97fcfadd6aae,be6254b25b58,5af9e4a915db,cd6b24437c7d,ae45b87e8996,568cc5ed4fec,1bd01793365b,8f66477f646c,a07c8bfa7825,2dbf72b294d1,cc89e5782b43,39188eca93a5,6aa7bedc6bd5,fc60cc8e6cc9,213a49c95a61,,2127f0925976,,,fc83e53228fb,f38dc9dd8b99,542fe33c95c1,92d5b1c9714c,1ac33e91cefc,
fde18eb3f053,7c3ae0a742b2,b6d88d3d1e03,6d66797633f4,c0dc572faa94,7352775fc497,be6254b25b58,3c9cdd9ef8c4,d7f230417953,2312f9e3c42c,cc0cb282164e,1bd01793365b,8f66477f646c,1bc33af3ad37,2dbf72b294d1,6c56fcb0548e,39188eca93a5,87498d94d71b,639acc7a92c2,8e62be31ba86,c7f0fcbf0b00,a83641f42d39,,,,,b87a54885dc8,,,
d13b415bb448,7d7e42622de9,3a7be89cbf9c,2e915a4e3c72,c0dc572faa94,7352775fc497,62e7e113aa79,a3900bb454f4,f5917c54ad2d,a83d7018c4b6,3dd783bba55f,5390ce1f36c4,8f66477f646c,b1e146a7b02f,2dbf72b294d1,d716ade3ab1c,,689b6a3bd659,d651698f9cd5,a8d509d300ad,55447f169397,42c592477fce,,,,,b87a54885dc8,,,
29615f39c8d5,d3b7d5ff5ae9,ab77f2d78550,15c6a91a13b7,c0dc572faa94,97fcfadd6aae,62e7e113aa79,d382c4be9661,c0dcaa8a410b,d21569dfff55,7bcd4a993ccd,5390ce1f36c4,f0e5a389b806,d24ee0e43eda,2dbf72b294d1,cc89e5782b43,,d69d13040e8d,1a27ce460002,9a576e7be4bd,f0e9e53c904e,3f9e90c93f13,,,,,b87a54885dc8,,,
1ba708733b82,36233fcc3772,fec97a07b234,ec3a1ae70897,c0dc572faa94,7352775fc497,5d2182a2565e,7b9a1530bdc6,c0dcaa8a410b,56fee6ddd04e,1145fa652abe,5390ce1f36c4,f0e5a389b806,47c8da303f70,2dbf72b294d1,6c56fcb0548e,,a61a62d79363,e2ed5f8cb8db,93a0065e3f6f,6d3e255ea9ed,f3b384d32e8f,,,,e9c95cf1b5eb,b87a54885dc8,f007b8007746,1e8ba8e815b7,
f6f8e7019289,5e5c431a6380,3dd0bc3dae36,8b8b40806b9b,c0dc572faa94,97fcfadd6aae,be6254b25b58,17273ed9e833,49273ad9281a,b5b9faa92cfc,06613231d1d6,1bd01793365b,8f66477f646c,956fc5a4f6ea,7c572aeb3f13,d716ade3ab1c,6b70dfecac2e,6aa7bedc6bd5,f5d410e00204,e5abf87ced9f,502e68813926,2127f0925976,,,,59048c998bb2,b87a54885dc8,5e0021ee772a,cf6edd0647b5,
3405586682f1,6fcfd26cf852,c221ff426d06,f9b1b117217b,c0dc572faa94,97fcfadd6aae,b85768943d6c,bfe9f84d94d8,49273ad9281a,5b16682e1f57,41d9e70e7de1,1bd01793365b,6ded4dc64807,e50139c2b50a,2dbf72b294d1,cc89e5782b43,39188eca93a5,c32a1cb0573d,092239eb9bdb,74bba4e3980c,2dacd82e00f2,3f9e90c93f13,,,,,b87a54885dc8,,,
f6f8e7019289,1e1915f6e8d5,4b07158ca553,c0c0ebe5933e,c0dc572faa94,7352775fc497,62e7e113aa79,142680ae17a8,49273ad9281a,9fff5e7aa372,022c84b707d2,1bd01793365b,8f66477f646c,2c87a8b55c80,2dbf72b294d1,d716ade3ab1c,39188eca93a5,d882d26bc5a9,ad23edb12469,a7910a5ecfad,26782de06084,2127f0925976,,,df2a3166d592,87afa7cd41b6,b87a54885dc8,bf83ec69ef19,cfdb55afec75,
9b526c0080bb,eff9ccb6dccc,ea5097d24f96,45f7fb1c778c,c0dc572faa94,ad21b6c84713,be6254b25b58,7c038ad95456,c0dcaa8a410b,1be699564dab,dfc008909be3,1bd01793365b,8f66477f646c,eea482837b1c,2dbf72b294d1,d716ade3ab1c,39188eca93a5,46308087fd8c,6de09bdea8c3,7b6d3348db7a,490d96e559dd,89f647eeda58,,,f52658f8c19c,87afa7cd41b6,b87a54885dc8,cbc400216f5c,cfdb55afec75,
039bab4ee99e,4fbd257d912d,e30576c3dc86,a5fdb0c08359,7501c3fcc8b7,ad21b6c84713,62e7e113aa79,a3900bb454f4,d7f230417953,4a738983a5a0,47be47770319,1bd01793365b,8f66477f646c,67a478d10862,2dbf72b294d1,d716ade3ab1c,,4a701d42eb1e,5b6dbe5fbcbc,9f1b73da9fb6,09bf5847029f,42c592477fce,,,,,b87a54885dc8,,,
f6f8e7019289,29146d999ffc,4525a0d1f470,ed7e31936008,7501c3fcc8b7,ad21b6c84713,fc011a47cc97,7b2a2bee19a7,96e6feddbd7c,4a8044e3480d,2a7f0ba0bc02,1bd01793365b,8f66477f646c,e08f284d1bdf,2dbf72b294d1,6c56fcb0548e,,ad184627bcdd,73ac96f720a1,a0e29ddec38b,9a5b6161d56e,42c592477fce,,,,,b87a54885dc8,,,
bf102bebf441,517f908a1f3b,,3bfaed8ff262,c0dc572faa94,ad21b6c84713,fc011a47cc97,4253e29e7b4c,d7f230417953,c978b57a5249,83a35518b84e,1bd01793365b,8f66477f646c,c131d7c2b2de,7c572aeb3f13,2d30e7acfdc1,,f760a8b2cf9f,0956afda22bb,89696c6362f9,5fac390fad22,42c592477fce,,,,,b87a54885dc8,,,
9b526c0080bb,0488428df4fc,6ce37a662f40,8d0ad6ea590a,7501c3fcc8b7,7352775fc497,be6254b25b58,6dd92bcaeedb,c0dcaa8a410b,24b15792916b,d3c3ef19cebb,1bd01793365b,8f66477f646c,16e5f97c29d7,2dbf72b294d1,d716ade3ab1c,39188eca93a5,d882d26bc5a9,623bdb27cbf3,5f871ee4c2c5,1fc2654f2286,2af36bd43472,,,,,b87a54885dc8,,,
039bab4ee99e,4e15573245a9,8c82d156408e,b877c818bc32,c0dc572faa94,97fcfadd6aae,62e7e113aa79,5a9851679dd8,f5917c54ad2d,aaffc5a29248,80182fe49ca8,1bd01793365b,6ded4dc64807,39cc9211d303,2dbf72b294d1,d716ade3ab1c,,c83a267dd454,7006b333ed99,6298978d6cbf,bbdf38a5f08a,42c592477fce,,,,,b87a54885dc8,,,
d13b415bb448,da10264c5ca3,d5320b5ea9cb,828d8bc1144c,7501c3fcc8b7,7352775fc497,2557e09e8afb,1e7d2fe9440e,46f9ac529d47,a35bba19977c,f3ae6956eedf,5390ce1f36c4,8f66477f646c,e11f93d9b722,7c572aeb3f13,6c56fcb0548e,,689b6a3bd659,81e8322d1cdf,37c3292e2134,b8a45419e780,346a7f313799,,,,,b87a54885dc8,,,
fde18eb3f053,dd076754e21c,ead15920eb9e,3c5586906080,c0dc572faa94,7352775fc497,62e7e113aa79,45fea5971c0e,c0dcaa8a410b,b88687a46a89,e6c01c71d9b5,1bd01793365b,8f66477f646c,a9c773349f13,2dbf72b294d1,6c56fcb0548e,39188eca93a5,e0f04e38f1e4,71ccc08b8346,c19f3cb60cbb,,2127f0925976,,,f022e2ac953f,79f88f0ad3ac,542fe33c95c1,3f8a5b7813ab,499e3cca70b2,
18684484b8cd,87531df0d35d,,68aa66213e86,c0dc572faa94,ad21b6c84713,fc011a47cc97,7abb1b4c2ea4,57dcb62ec80a,8a197cc5d5bc,b833b787f528,1bd01793365b,8f66477f646c,28dd63b49af3,2dbf72b294d1,e6b7b7dd7337,,d062cff77226,19ab97f82f0f,89696c6362f9,caafb017c020,42c592477fce,,,,,b87a54885dc8,,,
f6f8e7019289,bb1d7f598f84,feeb0825e66a,1131208a90e7,7501c3fcc8b7,97fcfadd6aae,fc011a47cc97,35698941a749,46f9ac529d47,100506edd508,da4a88478691,1bd01793365b,6ded4dc64807,227f1157a490,7c572aeb3f13,d716ade3ab1c,,d060909e74b1,4a931c6fea75,50181990e47f,387401fcc948,346a7f313799,,,,,b87a54885dc8,,,
9b526c0080bb,bb22edeb5978,a1c8493c0e7c,e4c20ddb08a6,c0dc572faa94,97fcfadd6aae,62e7e113aa79,93ee854d6d7f,92168f046091,f8c0bcc359db,32d7f19e97d3,1bd01793365b,6ded4dc64807,790669400ac0,7c572aeb3f13,6c56fcb0548e,6b70dfecac2e,6aa7bedc6bd5,fc62aa2f12bb,28e9209bd6f8,5397fc70ca8c,2127f0925976,,,0f91b336a747,32d3ee3bf1e7,b87a54885dc8,7e1219ab3bfb,1ac33e91cefc,
c2d0d7f71985,08108890aa23,4bf3cb17ad52,eb8bcc58e504,7501c3fcc8b7,7352775fc497,62e7e113aa79,4978f56b4035,49273ad9281a,653eab3d912c,ef440e0b950f,1bd01793365b,6ded4dc64807,0f8d83360d73,2dbf72b294d1,6c56fcb0548e,39188eca93a5,5d1e476d2d1f,3bde6676ba84,96bad40610e4,a6b219bdd186,2af36bd43472,,,,,b87a54885dc8,,,
135a136f8228,40400aed08c7,2b0bc91280b9,73b905608cbe,c0dc572faa94,97fcfadd6aae,62e7e113aa79,40407177f62c,c0dcaa8a410b,dcab78249f87,3c7b18650c71,1bd01793365b,8f66477f646c,7d0cfa94a55a,2dbf72b294d1,cc89e5782b43,,da0c12f788dc,303a35a67911,"8,83111E+11",bce81772a569,3f9e90c93f13,,,,,b87a54885dc8,,,
9b526c0080bb,009250b2fe5d,b761f5a17849,7d96c41489da,c0dc572faa94,97fcfadd6aae,62e7e113aa79,967c57d96749,d7f230417953,db898fcc127a,7ab08b6b0946,5390ce1f36c4,8f66477f646c,434e4f2ad90e,7c572aeb3f13,6c56fcb0548e,6b70dfecac2e,4a94a874b0c9,0690dc1e8ddd,ec117d2d5b0a,ba84803d022d,42c592477fce,,,,,b87a54885dc8,,,
d13b415bb448,58b286570771,1fc42bce149b,f6796ecd5cd5,7501c3fcc8b7,7352775fc497,fc011a47cc97,c54b983e5478,f5917c54ad2d,063ed3015bc6,1d1583c00e50,1bd01793365b,8f66477f646c,e11f93d9b722,7c572aeb3f13,cc89e5782b43,,689b6a3bd659,a20194969b5e,4655b11368cc,c34c2b35c826,42c592477fce,,,,,b87a54885dc8,,,
5303880b94ad,c775c6b928f0,b7a322df13ef,61733cf6b956,7501c3fcc8b7,7352775fc497,be6254b25b58,1dbc50fc7006,c0dcaa8a410b,143b89e8b867,a887f0a33751,1bd01793365b,6ded4dc64807,3769e7e843c9,7a8aa91a3f38,6c56fcb0548e,6537ffcafe74,5d1e476d2d1f,6523f411f087,b89c43309aa3,ba888524b0be,41c9d19aadb9,,,,,b87a54885dc8,,,
235a5927f11e,bc859b83921b,37b7ca6f3dbb,5cb05e4b8715,c0dc572faa94,97fcfadd6aae,be6254b25b58,ba4a176c7cb4,49273ad9281a,9fe55f22b54b,4e355253f954,1bd01793365b,6ded4dc64807,323ac87bfcdb,2dbf72b294d1,cc89e5782b43,,4a340956d1ff,cbaa08b3bc69,e3bfa4d98425,99666bf00531,f3b384d32e8f,,,,32d3ee3bf1e7,b87a54885dc8,f3ce4e74efc2,1ac33e91cefc,
9b526c0080bb,28ef12f1eae7,8e11289c5b43,bea2751255b2,c0dc572faa94,7352775fc497,fc011a47cc97,609fe311052d,35cc024aa3af,0431fb20d423,5b3fc65d06f8,1bd01793365b,8f66477f646c,96f2ba94bfa8,2dbf72b294d1,6c56fcb0548e,,e0f04e38f1e4,6b851a030ec7,06a525616585,1d899c11d10c,42c592477fce,,,,,b87a54885dc8,,,
1ba708733b82,425e7f695b6a,3c922a99a6d7,a81afe86e9eb,c0dc572faa94,7352775fc497,be6254b25b58,9e04b3975b93,d95c35714e41,60881138f827,3d37fdfdb0e9,1bd01793365b,8f66477f646c,f9df49e8b50f,2dbf72b294d1,d716ade3ab1c,39188eca93a5,252bdf80d0c5,b70d4a851ce5,fe84a1510da7,b00e03f0512b,2127f0925976,,,3057d7e07a55,ae28c9388336,b87a54885dc8,7e3434ebdb3c,1ac33e91cefc,
d13b415bb448,81bb000d296b,a5cbcbfff7f7,26e308d4785a,7501c3fcc8b7,7352775fc497,"4,46042E+11",1bf2667c151e,92168f046091,55e4f3428012,b29438a1325c,1bd01793365b,8f66477f646c,9c5fab9761d3,2dbf72b294d1,d716ade3ab1c,,03a1dc0f106a,487bfdd7a8d6,5f03bad3d873,74bf4dd7a551,ae516fed296d,,,,,b87a54885dc8,,,
539d6e2c51fb,17217304cea3,bbb5e698ce50,a91f10e6a7b8,7501c3fcc8b7,97fcfadd6aae,62e7e113aa79,f9ed904d2aa6,c20444526f8f,adf9824a557b,5b53bd30ec8a,1bd01793365b,8f66477f646c,058ddcfb2154,2dbf72b294d1,e6b7b7dd7337,39188eca93a5,44459b342469,b0eb03f8b958,1538c71b2a2a,896f7f283be6,41c9d19aadb9,,,,,b87a54885dc8,,,
d13b415bb448,8c9a79d1e134,d5583d7b4467,91ef2d94168d,7501c3fcc8b7,7352775fc497,fc011a47cc97,1014eb9c044f,52521df2d81e,152318fc59ee,ef98590dd499,1bd01793365b,8f66477f646c,b1e146a7b02f,2dbf72b294d1,6c56fcb0548e,,689b6a3bd659,7f0e637b4d00,e8c40779e6d8,074d9f0b7f24,346a7f313799,,,,,b87a54885dc8,,,
d5396d89ce6f,83ffaf8ff196,0b9e0d350671,863fa08f790a,c0dc572faa94,97fcfadd6aae,be6254b25b58,f2ed5440ad6f,92168f046091,e4b4072ee08e,131991316b9c,1bd01793365b,8f66477f646c,5e434a18a02f,2dbf72b294d1,d716ade3ab1c,39188eca93a5,6aa7bedc6bd5,cc466bd8a461,9502daefdfa0,5525aa542869,2127f0925976,,,f8137c6de59e,79f88f0ad3ac,b87a54885dc8,95a3c5ac86c7,499e3cca70b2,
9b526c0080bb,e3bb81f3b7d0,b50fcd602cda,18ed223cd061,c0dc572faa94,7352775fc497,62e7e113aa79,baf74fb804f6,89ca8071d5fd,3f397b86e43d,58dcf8c0a472,1bd01793365b,8f66477f646c,16e5f97c29d7,2dbf72b294d1,d716ade3ab1c,39188eca93a5,d882d26bc5a9,321677fb323b,4501158da15c,358465393fd1,42c592477fce,,,,,b87a54885dc8,,,
9b526c0080bb,dd984935a0f0,4f5fd62ae48d,54651c5d3579,c0dc572faa94,7352775fc497,be6254b25b58,334dcaab9dfe,4fac7649ad4c,99b955e5b36a,3a29b0c06df0,1bd01793365b,8f66477f646c,16e5f97c29d7,2dbf72b294d1,d716ade3ab1c,39188eca93a5,d882d26bc5a9,5a2a5325bb11,4501158da15c,0c86d66f8949,2127f0925976,,,,e4008c60b98d,b87a54885dc8,3e20639c38b4,3857823b399a,
bf102bebf441,ebe88cfcdf9d,7bd941412c80,d9d35f15b719,c0dc572faa94,ad21b6c84713,be6254b25b58,5e2a87384120,49273ad9281a,1afcde38782f,b0971b5e00a9,1bd01793365b,8f66477f646c,c131d7c2b2de,7c572aeb3f13,d716ade3ab1c,6b70dfecac2e,f760a8b2cf9f,5dfd26deb633,e58df3109606,33f29bc7a4fd,367a6fa476dc,,,,,b87a54885dc8,,,
1ba708733b82,80e8541d3aad,663eab383989,ea3493fb34ee,c0dc572faa94,97fcfadd6aae,be6254b25b58,a4a336b32743,f5917c54ad2d,a122eb2112e9,99b032b822a9,1bd01793365b,8f66477f646c,5b5f6cbd1f67,2dbf72b294d1,cc89e5782b43,39188eca93a5,7780dcacfc62,9d7554a40d8d,fbe326745650,,42c592477fce,,,,,542fe33c95c1,,,
4ea272eeacf3,86c69d30d3a8,428ef6b8520a,63f0fa7588be,c0dc572faa94,ad21b6c84713,be6254b25b58,2f0c6b078857,c0dcaa8a410b,19b714e3626e,c92b11671cd2,1bd01793365b,8f66477f646c,f4522ab8fcc3,2dbf72b294d1,d716ade3ab1c,39188eca93a5,ad184627bcdd,31af59e456f0,46c2e7205dff,d905b1d7f018,2127f0925976,,,17aee7911fa9,40943411d974,b87a54885dc8,095d8a4f8663,05623b1abc65,
9b526c0080bb,fed60ae56214,2cf56f186d33,0053416d8629,c0dc572faa94,ad21b6c84713,be6254b25b58,ed03cf51a624,f5917c54ad2d,60bc7acaf1ae,931008cb1bbd,1bd01793365b,8f66477f646c,6d217218b223,7c572aeb3f13,d716ade3ab1c,6b70dfecac2e,ad184627bcdd,5182b66579c3,7b6d3348db7a,e1ee38d24b0b,42c592477fce,,,,,b87a54885dc8,,,
d13b415bb448,c4f44970e5f6,0d9b93626e42,8ee45fcdf93c,7501c3fcc8b7,7352775fc497,62e7e113aa79,25998e879827,49273ad9281a,4560a80f6d6b,168ff199b923,1bd01793365b,8f66477f646c,b1e146a7b02f,2dbf72b294d1,d716ade3ab1c,,689b6a3bd659,4201459e2cb7,a8d509d300ad,84a81b106dbf,29ad8275f367,,,,,b87a54885dc8,,,
9b526c0080bb,79366d08c07a,5e95d789e576,325ead574bf6,c0dc572faa94,7352775fc497,be6254b25b58,9d9f9161d81f,4ad9eee4e76e,fed7a72b2e11,7a6ebf57b32d,1bd01793365b,8f66477f646c,98fbdd7821a9,2dbf72b294d1,d716ade3ab1c,39188eca93a5,d882d26bc5a9,6ccb9f8ae1ce,7b6d3348db7a,9b0e0be23e59,2127f0925976,,,,d3d287ac8401,b87a54885dc8,3e20639c38b4,3857823b399a,
9b526c0080bb,4a53d7b0651c,d50ba25f8b0c,25b33d6a74e0,c0dc572faa94,97fcfadd6aae,be6254b25b58,e65eac9a94d1,cd6b24437c7d,1f9574f75e61,c16f27c39e78,1bd01793365b,6ded4dc64807,0b55b7848601,2dbf72b294d1,d716ade3ab1c,39188eca93a5,d9a1da393c00,b7e3fd3b78dd,6d94155021e1,5e4b3abc7f92,2127f0925976,,,16a13c223be7,a5e69022ff0c,b87a54885dc8,6ac7dd627800,499e3cca70b2,
9b526c0080bb,38a8a6ff8335,32e5bb4c53a9,495dbebd881f,7501c3fcc8b7,7352775fc497,62e7e113aa79,025cb1d140af,c0dcaa8a410b,091dd6f3974b,ef5cd14bbe5e,1bd01793365b,8f66477f646c,98fbdd7821a9,2dbf72b294d1,6c56fcb0548e,39188eca93a5,d882d26bc5a9,572d3ffe61aa,ec117d2d5b0a,ba84803d022d,41c9d19aadb9,,,,,b87a54885dc8,,,
9b526c0080bb,1e67a66b753d,9a59c13366fd,2c8de8219c10,c0dc572faa94,97fcfadd6aae,5d2182a2565e,778bde306c1a,c0dcaa8a410b,0949a6a93c60,8bf5b2446873,5390ce1f36c4,6ded4dc64807,078a1f87efe0,2dbf72b294d1,6c56fcb0548e,,c18952193c2a,59703c6dc91b,e3744b95c2f2,299c844fa58b,3340348813b0,,,9ff09947414a,195dc0db0a49,b87a54885dc8,fb76a0154037,ae4d235d2198,
d5396d89ce6f,f9eec630f3b1,727db23f8c3b,c25c84099336,c0dc572faa94,97fcfadd6aae,be6254b25b58,281d8e807010,35cc024aa3af,64b804dc2fc8,571d2d67a38e,1bd01793365b,8f66477f646c,d204f5f22f27,2dbf72b294d1,d716ade3ab1c,39188eca93a5,4a94a874b0c9,f6d178103312,59c05aea5d13,9ed17819be97,42c592477fce,,,,,b87a54885dc8,,,
9b526c0080bb,7f59e6159360,0aaf6fcfa193,610f58b67058,c0dc572faa94,97fcfadd6aae,be6254b25b58,f9766a73e43c,0292be6c4188,0cde8ec856ab,1ba9f1eda0df,1bd01793365b,6ded4dc64807,7b9a483c2f40,2dbf72b294d1,d716ade3ab1c,39188eca93a5,6aa7bedc6bd5,5aab783dcd17,05b212b10c73,5e4b3abc7f92,2127f0925976,,,,d3d287ac8401,b87a54885dc8,a3cb046a990b,3857823b399a,
539d6e2c51fb,,0621c3704679,cf742b9a05d6,7501c3fcc8b7,97fcfadd6aae,886577ad7849,f9ed904d2aa6,c20444526f8f,5423adbd83ef,c2977f740969,1bd01793365b,8f66477f646c,c4d1c70fd565,2dbf72b294d1,e6b7b7dd7337,39188eca93a5,44459b342469,a0697ec8d311,1538c71b2a2a,896f7f283be6,41c9d19aadb9,,,,,b87a54885dc8,,,
b0f1e902f5db,66efee0067b8,,417b693c8bfa,c0dc572faa94,97fcfadd6aae,62e7e113aa79,d374853e197f,b9df5af30d94,63d52a6a0c98,f28a2ca8674e,1bd01793365b,8f66477f646c,6f901debd27c,2dbf72b294d1,6c56fcb0548e,,7780dcacfc62,f37e0d5e903e,89696c6362f9,d615332d16e9,42c592477fce,,,,,b87a54885dc8,,,
fde18eb3f053,e3126ed04f9a,679e32286575,3d8a8696ee19,c0dc572faa94,7352775fc497,be6254b25b58,48b584c45776,d7f230417953,5bf2cae3dfab,02b76289cb26,1bd01793365b,8f66477f646c,1bc33af3ad37,2dbf72b294d1,d716ade3ab1c,39188eca93a5,87498d94d71b,26833a03aada,de4463f6db94,5c5c3668e400,a83641f42d39,,,,,b87a54885dc8,,,
9b526c0080bb,a08de27ba187,a3d2da003e6f,2a06c1130a6b,c0dc572faa94,7352775fc497,be6254b25b58,e9cda5942f53,f5917c54ad2d,def2f3817749,0d5d6442f4f2,1bd01793365b,8f66477f646c,98fbdd7821a9,2dbf72b294d1,6c56fcb0548e,39188eca93a5,d882d26bc5a9,cf0ad2d99dea,28e9209bd6f8,5397fc70ca8c,42c592477fce,,,,,b87a54885dc8,,,
bf102bebf441,88d961a93c33,19488cc6bd6d,1843c0016795,c0dc572faa94,ad21b6c84713,be6254b25b58,e313a0d8fa40,e5a3abf0def5,b385b3ebcfbf,602eaf216de3,1bd01793365b,8f66477f646c,3303ef3a5d61,7c572aeb3f13,d716ade3ab1c,6b70dfecac2e,f760a8b2cf9f,b43ed57e672d,258e7c403d18,c3642770fae4,2127f0925976,,,3f7582d4df20,d3d287ac8401,b87a54885dc8,5bcec6ae4146,3857823b399a,
18684484b8cd,edfd6816bf0f,fe1a8ef0e5c8,88d81a8e77b8,c0dc572faa94,97fcfadd6aae,be6254b25b58,"2,23E+61",5a917258deee,22c2a4a27756,0e093b20e0a4,1bd01793365b,8f66477f646c,120991b23360,2dbf72b294d1,d716ade3ab1c,39188eca93a5,21c869494c42,c7fa0efe69b3,b7994b26f436,4cad0b3e7487,2127f0925976,,,bb30868ba619,3bf0f0479f5b,b87a54885dc8,d07fcbf25992,309dc11de6c5,
319bf425818a,9f2dceee2e68,6825bc1f9437,02a2570ff1b4,c0dc572faa94,7352775fc497,be6254b25b58,ab7fb3b8158c,c0dcaa8a410b,47e2134c4419,117db93177f2,1bd01793365b,6ded4dc64807,c8fa612c6e9c,7a8aa91a3f38,d716ade3ab1c,6537ffcafe74,5d1e476d2d1f,498e8bab63d0,8fa95022a0de,fa1311692fa6,2127f0925976,,,,cf6214fd065c,b87a54885dc8,47f4be4372ea,41398b888caa,
59a51948daa0,6155e7679131,,686ef759a836,c0dc572faa94,97fcfadd6aae,5d2182a2565e,ad53aabf41f8,c0dcaa8a410b,5f557b6ad1ec,9521edbd6d95,5390ce1f36c4,6ded4dc64807,c4d19289c477,2dbf72b294d1,cc89e5782b43,,f274431cdbd1,b5e1ad1915b3,89696c6362f9,5fac390fad22,3340348813b0,,,91581ef38ee9,fdf353bcbc71,b87a54885dc8,dfe50da93f17,f2749c85767e,
9b526c0080bb,c521b3dd3626,1b59ae398a77,69f7ba268c01,c0dc572faa94,97fcfadd6aae,be6254b25b58,670e98b329ad,cd6b24437c7d,5284bfaa6786,931008cb1bbd,1bd01793365b,6ded4dc64807,7b9a483c2f40,2dbf72b294d1,d716ade3ab1c,39188eca93a5,6aa7bedc6bd5,9a5559fa086f,a156d7dbede2,8f2748d2cd7e,2127f0925976,,,dfd2517d4719,cb20950ae14d,b87a54885dc8,6cc8e1cb4924,64a02e641e03,
1ba708733b82,d492b5d576c0,53c7f857b9c9,1a052af708e7,c0dc572faa94,97fcfadd6aae,be6254b25b58,94e48c24febd,cd6b24437c7d,97e56a2e312d,fa38cfc70a3c,1bd01793365b,f0e5a389b806,a919f2ce44ff,2dbf72b294d1,d716ade3ab1c,39188eca93a5,21c869494c42,6f95e67adf47,ce25d80d9708,cc7835436d00,2127f0925976,,,3057d7e07a55,cb20950ae14d,b87a54885dc8,0a0495a8c40d,64a02e641e03,
df1c8a376ed9,abb9cf24e49e,621aa7de4670,7f37221c8273,c0dc572faa94,7352775fc497,fc011a47cc97,68d97bdc94f8,49273ad9281a,c0c43f9b427e,4e4e09f825f8,1bd01793365b,8f66477f646c,0ca60172fc37,2dbf72b294d1,d716ade3ab1c,,03a1dc0f106a,03b0a4ede628,0c38a3983ea6,499b2a06bd21,8fa8a92b3ff5,2477e4e262e8,,362606291b8e,c33d10a65b10,b87a54885dc8,ef67d5cd6095,8068f78c132f,f638041764f6
1ba708733b82,38a2a640397e,f6359ecdc767,aef59eca0209,c0dc572faa94,97fcfadd6aae,be6254b25b58,17099199177b,c0dcaa8a410b,a79a39717143,6c59a62545da,1bd01793365b,8f66477f646c,dd813a674cad,2dbf72b294d1,d716ade3ab1c,39188eca93a5,21c869494c42,106a99f1ec78,226605ae6a02,d7cef26f6359,2af36bd43472,,,,,b87a54885dc8,,,
fde18eb3f053,91bdc5fa0328,b1e227623822,e052339aa2ad,c0dc572faa94,7352775fc497,fc011a47cc97,08356ccc9f52,c0dcaa8a410b,22c2a4a27756,cf9258a5d7ce,1bd01793365b,8f66477f646c,1bc33af3ad37,2dbf72b294d1,e6b7b7dd7337,39188eca93a5,87498d94d71b,fdabec0d4430,2be43e998d45,5e9179efb3b1,41c9d19aadb9,,,,,b87a54885dc8,,,
9b526c0080bb,530ad79f7f40,87651473499b,7c7cf0d73b5f,c0dc572faa94,7352775fc497,62e7e113aa79,3170be793016,e5a3abf0def5,8e3910fc7ac1,64ec9eb57754,1bd01793365b,8f66477f646c,96f2ba94bfa8,2dbf72b294d1,cc89e5782b43,39188eca93a5,e0f04e38f1e4,4ebd061dfcc6,213a49c95a61,,2127f0925976,,,57be618bc09f,f4b3913c4bf2,542fe33c95c1,b822dbe4618a,d720dbb9c5f6,
f6f8e7019289,"2,1588E+11",23068d7d25b7,52fe50010f19,c0dc572faa94,ad21b6c84713,be6254b25b58,17273ed9e833,4fac7649ad4c,1bf91247c68a,2753e7934278,1bd01793365b,6ded4dc64807,ca3b776f7104,2dbf72b294d1,d716ade3ab1c,39188eca93a5,4a701d42eb1e,b65c0076bf88,bfaa080f51da,62a7993d4807,2127f0925976,,,e55f2c9ca3b6,59048c998bb2,b87a54885dc8,5e0021ee772a,cf6edd0647b5,
1ba708733b82,accfcae5190a,1f46f049a6ee,742395e03df9,c0dc572faa94,97fcfadd6aae,be6254b25b58,89248a8130e1,02d60e8068de,9ce8111efbdf,9f7b68dd252c,1bd01793365b,8f66477f646c,c509a3a52273,7c572aeb3f13,d716ade3ab1c,6b70dfecac2e,1eb56d095224,0a4bfb8ade24,9e1d46352f65,9f73281d955b,2127f0925976,,,8ca27ee19d49,79f88f0ad3ac,b87a54885dc8,7952ca1796ad,499e3cca70b2,
9b526c0080bb,7b9839842b28,e4f31d862e9b,f21e7488ba11,c0dc572faa94,97fcfadd6aae,be6254b25b58,1160d9031d11,d7f230417953,5cce699c5cfb,03a90577c9aa,1bd01793365b,6ded4dc64807,0b55b7848601,2dbf72b294d1,d716ade3ab1c,39188eca93a5,d9a1da393c00,b7e3fd3b78dd,6d94155021e1,976331a9f126,42c592477fce,,,,,b87a54885dc8,,,
fde18eb3f053,dfe532fc4658,404a68784944,c232502649d6,c0dc572faa94,7352775fc497,be6254b25b58,aaee217c5803,f5917c54ad2d,c0d198e5b046,0c9d23e925d4,1bd01793365b,8f66477f646c,a9c773349f13,2dbf72b294d1,d716ade3ab1c,39188eca93a5,e0f04e38f1e4,ac534b6331b9,6c85ddd330b2,5649187b91fc,42c592477fce,,,,,b87a54885dc8,,,
f6f8e7019289,5c834ac399e3,9491eb2b8329,8c14f8bc514d,c0dc572faa94,ad21b6c84713,be6254b25b58,abaa35b3a6d2,cd6b24437c7d,"5,49323E+11",63590ec04faf,1bd01793365b,8f66477f646c,e08f284d1bdf,2dbf72b294d1,d716ade3ab1c,39188eca93a5,ad184627bcdd,0cd57247f344,3a553b660fb9,ce5ff15a17b8,2127f0925976,,,2ae8bda91fca,ae28c9388336,b87a54885dc8,ee56c8d0e7af,1ac33e91cefc,
a434fe846747,7b590e53c0da,612cc341e62f,8a618bcab55f,c0dc572faa94,ad21b6c84713,62e7e113aa79,be1e3514ad81,92168f046091,aa554ec53c9e,2b227a4baa53,5390ce1f36c4,6ded4dc64807,0c3facced0c8,2dbf72b294d1,2d30e7acfdc1,,08d30087c49b,fe8079a488a1,07e363fca99a,,41c9d19aadb9,,,,,542fe33c95c1,,,
1ba708733b82,6b723f9424c8,b3f32f1d2328,e7c3d875e344,c0dc572faa94,97fcfadd6aae,be6254b25b58,88ac57be5e84,d95c35714e41,e4297fbd02ad,4fbb825fa383,1bd01793365b,f0e5a389b806,a919f2ce44ff,2dbf72b294d1,d716ade3ab1c,39188eca93a5,21c869494c42,f4d7599bd6ff,6f084d4266c7,1455306a9455,2127f0925976,,,f36f17e5ee53,fee281f92d01,b87a54885dc8,bc390f261c63,6b9c3820f2a9,
1ba708733b82,ed28fb00e12d,b349b904a87c,e10e55c8a79c,c0dc572faa94,ad21b6c84713,be6254b25b58,b727f143357e,d7f230417953,c4767fe87739,fe7dd7ba41f4,1bd01793365b,8f66477f646c,f11cd4669dab,2dbf72b294d1,d716ade3ab1c,39188eca93a5,d062cff77226,bf7a8fa6b176,be3e58ede0a5,cd16d35b4ef5,2127f0925976,,,,51d4ec0b67b5,b87a54885dc8,7769772c6b78,a3646d28902a,
fde18eb3f053,3233103df0dd,de23771a81d0,38892525a529,c0dc572faa94,7352775fc497,62e7e113aa79,e5d162b5796c,c0dcaa8a410b,32ea02a30fca,abebeda45fd9,5390ce1f36c4,8f66477f646c,85d3afad08f9,2dbf72b294d1,6c56fcb0548e,39188eca93a5,87498d94d71b,8710ef42ea62,c19f3cb60cbb,717aeca06e3c,2af36bd43472,,,ccaba8418fd2,,b87a54885dc8,,,
d13b415bb448,7a9abb2ce3fa,44842bc6e200,d1bd89dc8699,c0dc572faa94,7352775fc497,fc011a47cc97,8b162d7ba00f,57dcb62ec80a,a83d7018c4b6,d005c7ce1381,1bd01793365b,8f66477f646c,e11f93d9b722,7c572aeb3f13,cc89e5782b43,,689b6a3bd659,a20194969b5e,4655b11368cc,c34c2b35c826,42c592477fce,,,,,b87a54885dc8,,,
9b526c0080bb,d3ae49ed1fe5,4159819b70ff,ef0a13338f00,c0dc572faa94,7352775fc497,"4,46042E+11",596a8b669895,92168f046091,3b6c56724699,42a5d84edb71,1bd01793365b,8f66477f646c,"7,22024E+11",7c572aeb3f13,d716ade3ab1c,6b70dfecac2e,d882d26bc5a9,71ccc08b8346,3d8ccfa79175,bdce2b05e5fe,eba52c004491,,,,,b87a54885dc8,,,
c2d0d7f71985,dc966c26a31a,e90de3be6945,d7f87625a0d2,7501c3fcc8b7,7352775fc497,595b919d338c,ab15cf494bb9,cd6b24437c7d,266cc060bfe3,2c7ce14561f2,1bd01793365b,8f66477f646c,c7ec67d50aac,2dbf72b294d1,6c56fcb0548e,39188eca93a5,d882d26bc5a9,d3d843f46a24,61342d8faa71,78655b6bd601,42c592477fce,,,,,b87a54885dc8,,,
1ba708733b82,baa916b575b5,,3cde643349ab,c0dc572faa94,7352775fc497,64942568e980,8b162d7ba00f,f5917c54ad2d,60f9368518da,219a1e16ec15,1bd01793365b,8f66477f646c,f9df49e8b50f,2dbf72b294d1,cc89e5782b43,,252bdf80d0c5,69eeb19879e5,89696c6362f9,f0e9e53c904e,42c592477fce,,,,,b87a54885dc8,,,
135a136f8228,9d596d23d603,50362e64165c,4d17197b26a6,c0dc572faa94,97fcfadd6aae,be6254b25b58,dc2d53092846,d95c35714e41,31d1b4395fd9,3780c320748f,1bd01793365b,8f66477f646c,3e02156bde6e,2dbf72b294d1,d716ade3ab1c,39188eca93a5,6b6d5cff4f39,c8e9cf5b4301,46c2e7205dff,ed31810c6775,2127f0925976,,,6d2682f09bb9,b13f60db8170,b87a54885dc8,c4f7040a3511,64a02e641e03,
9b526c0080bb,4ee5fd98c7e2,e7ad8945e107,2247a106857a,7501c3fcc8b7,7352775fc497,62e7e113aa79,f50ad85f5c7f,c0dcaa8a410b,70b56bd5ef17,d86a776b5253,1bd01793365b,8f66477f646c,98fbdd7821a9,2dbf72b294d1,6c56fcb0548e,,d882d26bc5a9,c5ec5675785e,997276ca0c46,563099ce131b,2af36bd43472,,,,,b87a54885dc8,,,
9b526c0080bb,e599beaca2d6,ba32f1ab8e39,9f17fff26d30,c0dc572faa94,ad21b6c84713,5d2182a2565e,2735f57557b4,c0dcaa8a410b,0949a6a93c60,8bf5b2446873,5390ce1f36c4,8f66477f646c,c0d8f5788061,2dbf72b294d1,cc89e5782b43,,47bf087f2682,e2ed5f8cb8db,857db7903c89,8f06c0de808b,3340348813b0,,,,1e076c727d80,b87a54885dc8,8a591d9e32bd,298948ab6388,
319bf425818a,7538c9bd6bb0,e2076791f056,67f64bd74a69,c0dc572faa94,7352775fc497,be6254b25b58,f27267d4ebba,25fe7cf1be3a,6161670159ff,c813531f32fd,1bd01793365b,6ded4dc64807,c8fa612c6e9c,7a8aa91a3f38,d716ade3ab1c,6537ffcafe74,5d1e476d2d1f,434341c0aa38,b79a2b4b941b,936afc75fba9,eba52c004491,,,,,b87a54885dc8,,,
bf102bebf441,1722c447a9df,afe49a6e8983,333906746d84,c0dc572faa94,ad21b6c84713,fc011a47cc97,53e0d4668b1b,f5917c54ad2d,d3974cd54af9,b47351fc5990,1bd01793365b,8f66477f646c,4bb32b8c9f52,2dbf72b294d1,6c56fcb0548e,,f760a8b2cf9f,2c78f459031a,56ac140dc0aa,77bca2d5762f,42c592477fce,,,,,b87a54885dc8,,,
a434fe846747,7b66e3051218,55550580eb71,03ecdc5f23dd,7501c3fcc8b7,ad21b6c84713,62e7e113aa79,fe3cc7008d20,49273ad9281a,4da9a9c50e17,955ae476746a,1bd01793365b,8f66477f646c,f8052060ae74,2dbf72b294d1,2d30e7acfdc1,,08d30087c49b,f20a52996882,89696c6362f9,,41c9d19aadb9,,,,,542fe33c95c1,,,
18684484b8cd,8b6d956bb9ac,5437d22c1722,7c95630a80ec,c0dc572faa94,ad21b6c84713,be6254b25b58,bf7aef707839,c0dcaa8a410b,4f56a190d60c,90f8f6d9317b,1bd01793365b,8f66477f646c,28dd63b49af3,2dbf72b294d1,d716ade3ab1c,39188eca93a5,d062cff77226,2f3ec96eda3d,ca07008de383,f5b3a237e825,2127f0925976,,,"9,51E+93",40943411d974,b87a54885dc8,9d723a6b3abd,05623b1abc65,
039bab4ee99e,48aa62304717,7bdc17565c7f,677657621a15,c0dc572faa94,97fcfadd6aae,62e7e113aa79,a870d743a901,35cc024aa3af,73b26f53d029,9ded404d8127,1bd01793365b,6ded4dc64807,195936d8ab5c,2dbf72b294d1,6c56fcb0548e,,14d61ac5d332,663856e3ffba,7075b1f7c95a,0ea91c1a74f7,42c592477fce,,,,,b87a54885dc8,,,
d13b415bb448,0021aba76775,b28cfe8b6c78,5e4d01d8f163,7501c3fcc8b7,7352775fc497,89a152da685f,fc7364328e38,b9df5af30d94,df4a6d22c32a,2ba00a67b50d,1bd01793365b,8f66477f646c,b1e146a7b02f,2dbf72b294d1,d716ade3ab1c,,689b6a3bd659,6f4c301daa09,8a989f69754b,f8cda8330f94,1915e5bb0d98,,,,,b87a54885dc8,,,
d5396d89ce6f,83ffaf8ff196,0b9e0d350671,863fa08f790a,c0dc572faa94,97fcfadd6aae,be6254b25b58,29bea4c89f8a,92168f046091,5b970e2d76dd,568cc5ed4fec,1bd01793365b,8f66477f646c,5e434a18a02f,2dbf72b294d1,d716ade3ab1c,39188eca93a5,6aa7bedc6bd5,cc466bd8a461,9502daefdfa0,5525aa542869,2127f0925976,,,f0de96a57fe9,cb20950ae14d,b87a54885dc8,68ea65a8b778,64a02e641e03,
18684484b8cd,f5b3d4dd3158,63e524044393,8ae81269f748,c0dc572faa94,ad21b6c84713,62e7e113aa79,3248a99f8a56,c0dcaa8a410b,cccbb8c12c26,635ca0bd1628,1bd01793365b,8f66477f646c,b8c6b440a127,2dbf72b294d1,6c56fcb0548e,39188eca93a5,d062cff77226,0690dc1e8ddd,e306027484df,7354600ee252,4745e7805787,,,,32d3ee3bf1e7,b87a54885dc8,73dd73887c02,1ac33e91cefc,
4383dda420ca,28de4125760b,c22be63c63ed,65a40ec2c8ab,c0dc572faa94,97fcfadd6aae,be6254b25b58,c60f114cb488,49273ad9281a,f3741461de44,c6217f853af7,1bd01793365b,6ded4dc64807,b980acdfb111,2dbf72b294d1,cc89e5782b43,,4a340956d1ff,0ba0a09ca46c,4edfec7f60e8,8309ad0ce4eb,3f9e90c93f13,,,,,b87a54885dc8,,,
039bab4ee99e,2c9ae8c143ee,1089f7721ad2,ea7f9be10ddc,c0dc572faa94,97fcfadd6aae,62e7e113aa79,a25cdb9e5a6d,9822ec49f4ad,c76f8bdbb594,aee534d8237c,1bd01793365b,8f66477f646c,b6ebf106f028,2dbf72b294d1,6c56fcb0548e,,c83a267dd454,6f4c301daa09,4aa2ab15558b,,346a7f313799,,,,,542fe33c95c1,,,
bf102bebf441,4bef6dbf27bc,9da97ddb7d9f,b492c9a3e473,c0dc572faa94,ad21b6c84713,be6254b25b58,05ef3bfe6c09,b9df5af30d94,cf19644243a7,f5de5d425aac,1bd01793365b,8f66477f646c,5224e35674c8,2dbf72b294d1,d716ade3ab1c,39188eca93a5,f760a8b2cf9f,580b21f24735,799abda8a703,8c216a6ce475,42c592477fce,,,,,b87a54885dc8,,,
fde18eb3f053,fd0f995318e1,a1e9928b0649,7fb66f33684e,c0dc572faa94,7352775fc497,be6254b25b58,7536e0a36303,c0dcaa8a410b,241b25a3f53b,cbc53ecc7bb0,1bd01793365b,8f66477f646c,1bc33af3ad37,2dbf72b294d1,cc89e5782b43,39188eca93a5,87498d94d71b,7d808fd7126e,1731b3752ab5,,2af36bd43472,,,,,542fe33c95c1,,,
f6f8e7019289,50837fa879bd,d1e3a3024e80,dcac20383430,c0dc572faa94,97fcfadd6aae,fc011a47cc97,4e963ce729c5,f5917c54ad2d,9d7e6ce8a67d,c4c7af3b67e6,1bd01793365b,6ded4dc64807,ef82e447bd5f,2dbf72b294d1,d716ade3ab1c,,d060909e74b1,92590b317897,90cc08d900ff,6d5673a4768b,42c592477fce,,,,,b87a54885dc8,,,
f6f8e7019289,e9581bb80a77,013a67af63ab,d87f19d0d24a,c0dc572faa94,97fcfadd6aae,62e7e113aa79,0dcb4c62acda,f5917c54ad2d,b8a4e4d9b50a,07f780390396,1bd01793365b,8f66477f646c,63cc80acb1e0,2dbf72b294d1,d716ade3ab1c,39188eca93a5,3f9361a76754,fdf1e533c8c3,e43529ef063c,f58e7d41ea91,42c592477fce,,,,,b87a54885dc8,,,
cf2659c8fc57,e97d78063d48,652ef4ef78f2,bb9c0ee5635e,c0dc572faa94,97fcfadd6aae,"4,46042E+11",11cc783ab27e,49273ad9281a,c96bb96b83c8,a61f4d01f8de,1bd01793365b,6ded4dc64807,10d4ab9cdcad,2dbf72b294d1,cc89e5782b43,,6aa7bedc6bd5,bbaf8984c739,847db76cbc0f,a0342f6ad974,3f9e90c93f13,,,,,b87a54885dc8,,,
1ba708733b82,541d4ba5d598,b194a710e7e9,8c4c3aa0c476,c0dc572faa94,7352775fc497,be6254b25b58,765b6107cc87,c0dcaa8a410b,2d112d0d69e6,00f66554714c,5390ce1f36c4,f0e5a389b806,1248b88aca7e,2dbf72b294d1,6c56fcb0548e,,3be81a35402e,8ed16b55375a,7b81134372d3,,41c9d19aadb9,,,,,542fe33c95c1,,,
9b526c0080bb,af1f0d78ea82,8dc323679286,66164a47808b,c0dc572faa94,97fcfadd6aae,62e7e113aa79,d79e6ffc7064,c0dcaa8a410b,ae45b87e8996,3bc1772fd62b,1bd01793365b,6ded4dc64807,7b9a483c2f40,2dbf72b294d1,cc89e5782b43,39188eca93a5,6aa7bedc6bd5,9884752946ba,9e08c6cd82d2,29840ce7d0c1,5815899dbb3a,,,36be2b3cb3bb,820de00a5e60,b87a54885dc8,6cc8e1cb4924,64a02e641e03,
c2d0d7f71985,f96825b857c7,d2ffb5912289,46425ee87582,c0dc572faa94,97fcfadd6aae,62e7e113aa79,453e92392bb5,af21b6d72831,7861b9d4ce9c,ac7ba9f09cb3,1bd01793365b,8f66477f646c,ab704c3b6937,2dbf72b294d1,6c56fcb0548e,39188eca93a5,701fdf2d0753,9c2cc10cab83,"5,71129E+11",28f2feac4e82,42c592477fce,,,,,b87a54885dc8,,,
78104313d8cc,6065b2737995,6422e2fd4136,aea4c6f43753,c0dc572faa94,97fcfadd6aae,be6254b25b58,98b732a30d39,c0dcaa8a410b,243b2481c23a,e7bdf46e4021,1bd01793365b,8f66477f646c,3864a7abfb87,2dbf72b294d1,cc89e5782b43,,38bf445836ca,a685ad0c6e67,497133efb5d5,88f757f2e6f7,f3b384d32e8f,,,,fee281f92d01,b87a54885dc8,5f050b3c7e8b,6b9c3820f2a9,
