derivat,vnumber,btnumber,at_id,prio_int,ia_genehmigungsstand,pep_bauphase,ksps,istufe,anlauf_sop_at,bo,quelle,av_fzg,pl,basistyp,puk_werk,hybrid,basisausfuehrung,antriebsart,motortyp,rueckgabe_soll,key
8f299afacdd0,55c1baa18277,344e09eddb4b,fc4ac871cde6,404939ad27db,6382a318d580,d716ade3ab1c,48bb323e452d,6bf0d2cd4721,8cbaaf4fe287,1909f4707fbc,4de01d76ccae,7f7926de6290,756653dcabed,a322a33e61ff,e2cf8569465e,7352775fc497,2dbf72b294d1,8f66477f646c,c21c326d9797,20628545408d,7778802fc174
8f299afacdd0,a4e63132e77b,a7794b51cd66,13e95ec199bf,404939ad27db,6382a318d580,d716ade3ab1c,48bb323e452d,afac271cf204,f4f0d803c9db,620c655d09d4,4de01d76ccae,3136afc2b004,756653dcabed,80933a776306,e2cf8569465e,97fcfadd6aae,7c572aeb3f13,8f66477f646c,f998841971b1,2768e26f5cb4,6b04e1269d88
8f299afacdd0,0ce16269df5e,dac9790fb376,a6dafa868f10,404939ad27db,6382a318d580,d716ade3ab1c,48bb323e452d,afac271cf204,f4f0d803c9db,547d1fbc079e,4de01d76ccae,52293d89e221,756653dcabed,80933a776306,e2cf8569465e,97fcfadd6aae,7c572aeb3f13,8f66477f646c,f998841971b1,60f9a0684411,6b04e1269d88
f6f8e7019289,bbaee16d7698,2ed031868e2d,5d98a522fa32,404939ad27db,6382a318d580,d716ade3ab1c,48bb323e452d,a66669b51838,0a1a6904b336,547d1fbc079e,4de01d76ccae,56c511d500d4,756653dcabed,a198a931ece9,ca12f7e0bc26,97fcfadd6aae,2dbf72b294d1,6ded4dc64807,559d9e8c6c19,772e19be41f7,650ed51ad0b6
df1c8a376ed9,68d105b5a000,3a41ef2ce8d8,6e154202c84b,,6382a318d580,d716ade3ab1c,48bb323e452d,c4e12dc867d3,87017439bad0,b15c2010203b,4de01d76ccae,3136afc2b004,83575dc8dc80,70e6db82eba8,a1506fa41e74,7352775fc497,2dbf72b294d1,8f66477f646c,e36764d55ec2,d3ed32b672b9,ca7f84638a61
9b526c0080bb,f8d56091bd2f,b8adbd6bcc79,b0fa94568c7e,404939ad27db,6382a318d580,d716ade3ab1c,48bb323e452d,e0b972ec3867,87017439bad0,91906b4260da,4de01d76ccae,c232213f1766,756653dcabed,f3db85a22af0,ca12f7e0bc26,97fcfadd6aae,2dbf72b294d1,8f66477f646c,36ff19562bda,18db69655df5,30422b8981e7
df1c8a376ed9,68d0a6babdfc,017955e1fbc3,7d9dae975240,56f8f910cb81,6382a318d580,d716ade3ab1c,48bb323e452d,4d2cfddd49c0,683d619c2b4f,620c655d09d4,4de01d76ccae,7ae8f3253385,83575dc8dc80,70e6db82eba8,a1506fa41e74,7352775fc497,2dbf72b294d1,8f66477f646c,e36764d55ec2,93c7061938b3,ba696a8446ce
f6f8e7019289,a0e9b97cb9c9,fdb0f08b26af,efba2b427e1c,404939ad27db,6382a318d580,d716ade3ab1c,48bb323e452d,a66669b51838,0a1a6904b336,00e672016ac8,4de01d76ccae,7ac3d9c23f87,756653dcabed,ada224502ed5,ca12f7e0bc26,97fcfadd6aae,2dbf72b294d1,8f66477f646c,36ff19562bda,1fcfb3d3ad5f,650ed51ad0b6
f6f8e7019289,de3b5efa2290,4640c0671681,ad13b332ebf0,404939ad27db,6382a318d580,d716ade3ab1c,48bb323e452d,a66669b51838,0a1a6904b336,620c655d09d4,4de01d76ccae,cbe1bb20708a,756653dcabed,ef82e447bd5f,ca12f7e0bc26,97fcfadd6aae,2dbf72b294d1,6ded4dc64807,ab04da539770,93c7061938b3,650ed51ad0b6
f6f8e7019289,0cfc237fe8f5,06ecd220265f,cae6a3461066,404939ad27db,6382a318d580,d716ade3ab1c,48bb323e452d,a66669b51838,0a1a6904b336,620c655d09d4,4de01d76ccae,f1de0b76efa9,756653dcabed,ff6e75d6da60,ca12f7e0bc26,ad21b6c84713,2dbf72b294d1,6ded4dc64807,915c1c075d10,93c7061938b3,650ed51ad0b6
f6f8e7019289,065b2a388efd,8a45ad44eea5,00d064796d9f,404939ad27db,6382a318d580,d716ade3ab1c,48bb323e452d,a66669b51838,0a1a6904b336,620c655d09d4,4de01d76ccae,0d04ff6d464f,756653dcabed,ef82e447bd5f,ca12f7e0bc26,97fcfadd6aae,2dbf72b294d1,6ded4dc64807,ab04da539770,93c7061938b3,650ed51ad0b6
f6f8e7019289,c52ee0ebf109,cb66bfb42153,1ebf1035cb85,404939ad27db,6382a318d580,d716ade3ab1c,48bb323e452d,a66669b51838,0a1a6904b336,620c655d09d4,4de01d76ccae,30868a1861d3,756653dcabed,65d7aa7f83b6,ca12f7e0bc26,ad21b6c84713,2dbf72b294d1,8f66477f646c,a83f97815875,93c7061938b3,650ed51ad0b6
f6f8e7019289,a88c3547005c,10c0272ac124,07d273ba18a6,404939ad27db,6382a318d580,d716ade3ab1c,48bb323e452d,a66669b51838,0a1a6904b336,620c655d09d4,4de01d76ccae,f1de0b76efa9,756653dcabed,0704d21ce213,ca12f7e0bc26,ad21b6c84713,7c572aeb3f13,8f66477f646c,a83f97815875,4a7d1a921dfc,650ed51ad0b6
f6f8e7019289,c2f9a93aae2d,34f520e6956a,33964965f73c,404939ad27db,6382a318d580,d716ade3ab1c,48bb323e452d,a66669b51838,0a1a6904b336,00e672016ac8,4de01d76ccae,ed3e7680e506,756653dcabed,ff6e75d6da60,ca12f7e0bc26,ad21b6c84713,2dbf72b294d1,6ded4dc64807,915c1c075d10,c741cbf5060d,650ed51ad0b6
f6f8e7019289,8155c823e6c0,69a7aace79cc,12c1df2ce4ae,404939ad27db,6382a318d580,d716ade3ab1c,48bb323e452d,a66669b51838,0a1a6904b336,00e672016ac8,4de01d76ccae,d5c418ba2aee,756653dcabed,65d7aa7f83b6,ca12f7e0bc26,ad21b6c84713,2dbf72b294d1,8f66477f646c,a83f97815875,559a1484dda7,650ed51ad0b6
f6f8e7019289,a25486866c02,a4fcf15f4d15,a4c1a2b21e18,404939ad27db,6382a318d580,d716ade3ab1c,48bb323e452d,a66669b51838,0a1a6904b336,00e672016ac8,4de01d76ccae,7ac3d9c23f87,756653dcabed,ff6e75d6da60,ca12f7e0bc26,ad21b6c84713,2dbf72b294d1,6ded4dc64807,915c1c075d10,b4ae2c0ed561,650ed51ad0b6
df1c8a376ed9,3c8cee10d12c,ce357e258e1b,35f51d1f87cc,56f8f910cb81,6382a318d580,d716ade3ab1c,48bb323e452d,446a1f0fbe24,87017439bad0,ffc7a8c8c9ff,4de01d76ccae,f1bf25ed5e9e,83575dc8dc80,70e6db82eba8,a1506fa41e74,7352775fc497,2dbf72b294d1,8f66477f646c,e36764d55ec2,c844d4137080,ca7f84638a61
8f299afacdd0,55e36e8aee14,b749287b6b16,80dad8d45e66,404939ad27db,6382a318d580,d716ade3ab1c,48bb323e452d,26d34d9e95f3,8cbaaf4fe287,e1f5e9510e8d,4de01d76ccae,d5c418ba2aee,756653dcabed,c2364695c4d3,e2cf8569465e,7352775fc497,2dbf72b294d1,8f66477f646c,e39f20daadc9,b56e65895c3c,7778802fc174
8f299afacdd0,db0efe198694,e4613813839d,44b417df02c4,404939ad27db,6382a318d580,d716ade3ab1c,48bb323e452d,26d34d9e95f3,892e70c90b50,e1f5e9510e8d,4de01d76ccae,7ac3d9c23f87,756653dcabed,c2364695c4d3,e2cf8569465e,7352775fc497,2dbf72b294d1,8f66477f646c,e39f20daadc9,1c0a64a3f04b,7778802fc174
8f299afacdd0,98999f954b22,09e63d0b48a0,a1df6da53ba6,56f8f910cb81,6382a318d580,d716ade3ab1c,48bb323e452d,afac271cf204,f4f0d803c9db,620c655d09d4,4de01d76ccae,b36c54cab3f1,756653dcabed,80933a776306,e2cf8569465e,97fcfadd6aae,7c572aeb3f13,8f66477f646c,f998841971b1,73caf1d88ff9,6b04e1269d88
8f299afacdd0,7281ba78400c,ee38eb3bf14a,e9fe49cd6fef,404939ad27db,6382a318d580,d716ade3ab1c,48bb323e452d,afac271cf204,f4f0d803c9db,620c655d09d4,4de01d76ccae,0c41abdb91ef,756653dcabed,80933a776306,e2cf8569465e,97fcfadd6aae,7c572aeb3f13,8f66477f646c,f998841971b1,2768e26f5cb4,6b04e1269d88
8f299afacdd0,d3424a01eb6b,ff745d2d8993,85af1d929b2c,404939ad27db,6382a318d580,d716ade3ab1c,48bb323e452d,afac271cf204,f4f0d803c9db,547d1fbc079e,4de01d76ccae,52293d89e221,756653dcabed,80933a776306,e2cf8569465e,97fcfadd6aae,7c572aeb3f13,8f66477f646c,f998841971b1,bab6e157f78d,6b04e1269d88
8f299afacdd0,ac1f747bb206,3a2b153f4943,e683d346d928,56f8f910cb81,6382a318d580,d716ade3ab1c,48bb323e452d,6bf0d2cd4721,8cbaaf4fe287,1909f4707fbc,4de01d76ccae,04184b30f3e0,756653dcabed,3cf4b3634553,e2cf8569465e,97fcfadd6aae,2dbf72b294d1,8f66477f646c,36ff19562bda,46fa83f1581b,7778802fc174
df1c8a376ed9,bdf11b0456e6,7f44b5b9f36a,ae5af9265d7d,404939ad27db,6382a318d580,d716ade3ab1c,48bb323e452d,c4e12dc867d3,87017439bad0,547d1fbc079e,4de01d76ccae,b9527120dc31,83575dc8dc80,a89ee4e5ed3e,a1506fa41e74,7352775fc497,7c572aeb3f13,8f66477f646c,7cfd31a06791,e3879c9c91e7,ca7f84638a61
f6f8e7019289,1f8c82a60831,1bba0a6c5b0d,cc4e18a6014a,404939ad27db,6382a318d580,d716ade3ab1c,48bb323e452d,58e10f881385,0a1a6904b336,14870a394f99,4de01d76ccae,fd4354577db7,756653dcabed,3d046febb543,ca12f7e0bc26,97fcfadd6aae,2dbf72b294d1,8f66477f646c,36ff19562bda,e12cf76ebd06,650ed51ad0b6
f6f8e7019289,88a542705919,76c08fff2f2c,7aa4cf9054c1,56f8f910cb81,6382a318d580,d716ade3ab1c,48bb323e452d,a66669b51838,0a1a6904b336,5cafcfc1e1a7,4de01d76ccae,ab536490d817,756653dcabed,5851171efdb9,ca12f7e0bc26,7352775fc497,2dbf72b294d1,8f66477f646c,7d31b998635f,bfe90193ae17,650ed51ad0b6
f6f8e7019289,3362ef9cdf3c,0e033295d1df,8514484a7ffe,56f8f910cb81,6382a318d580,d716ade3ab1c,48bb323e452d,58e10f881385,0a1a6904b336,1909f4707fbc,4de01d76ccae,57def4ea91d0,756653dcabed,5851171efdb9,ca12f7e0bc26,7352775fc497,2dbf72b294d1,8f66477f646c,7d31b998635f,4653a2fd50e7,650ed51ad0b6
f6f8e7019289,ec3be28c95f1,e4070a8da402,b4d4844ff46f,404939ad27db,6382a318d580,d716ade3ab1c,48bb323e452d,a66669b51838,0a1a6904b336,b15c2010203b,4de01d76ccae,eda0879f9e62,756653dcabed,d1a075aaf5fc,ca12f7e0bc26,7352775fc497,2dbf72b294d1,6ded4dc64807,60b2f56c4f73,91cfdd082593,650ed51ad0b6
f6f8e7019289,6f631bde7e5d,17e1acf26392,301d07a5db52,56f8f910cb81,6382a318d580,d716ade3ab1c,48bb323e452d,a66669b51838,0a1a6904b336,14870a394f99,4de01d76ccae,4be46961eb17,756653dcabed,d07b174e812b,ca12f7e0bc26,7352775fc497,2dbf72b294d1,8f66477f646c,7d31b998635f,e914b82cc80f,650ed51ad0b6
f6f8e7019289,2ced3b8b05ce,eab983b2b9f2,a2e7d0df7b0f,404939ad27db,6382a318d580,d716ade3ab1c,48bb323e452d,5f677d5a3c09,0a1a6904b336,1909f4707fbc,4de01d76ccae,64d5cdf913cd,756653dcabed,ff6e75d6da60,ca12f7e0bc26,ad21b6c84713,2dbf72b294d1,6ded4dc64807,915c1c075d10,85190bf46150,650ed51ad0b6
f6f8e7019289,fef1ab7c034b,06ec94b71b1a,169aa922bc79,404939ad27db,6382a318d580,d716ade3ab1c,48bb323e452d,5f677d5a3c09,0a1a6904b336,1909f4707fbc,4de01d76ccae,61670f43f4a7,756653dcabed,8963c441339b,ca12f7e0bc26,ad21b6c84713,2dbf72b294d1,8f66477f646c,915c1c075d10,85190bf46150,650ed51ad0b6
59a51948daa0,9de6b0e3eb9d,ff64b2ab7d97,437e0789e6f4,404939ad27db,6382a318d580,d716ade3ab1c,48bb323e452d,464408816e2a,87017439bad0,547d1fbc079e,4de01d76ccae,e8d1f7dc3d40,756653dcabed,737098fdc50f,ca12f7e0bc26,97fcfadd6aae,7c572aeb3f13,8f66477f646c,c4beb57777ef,9067c9c336d0,06a8dad6d526
59a51948daa0,7cc6f159db66,87f24654271d,02588a30854c,404939ad27db,6382a318d580,d716ade3ab1c,48bb323e452d,464408816e2a,87017439bad0,4bf29dd69ad1,4de01d76ccae,256f2eca8f3b,756653dcabed,e40cbd778b10,ca12f7e0bc26,97fcfadd6aae,2dbf72b294d1,6ded4dc64807,559d9e8c6c19,f62b17a15099,06a8dad6d526
59a51948daa0,905d288f100a,3ddf9f2fa44a,68878822a89c,56f8f910cb81,6382a318d580,d716ade3ab1c,48bb323e452d,464408816e2a,87017439bad0,4bf29dd69ad1,4de01d76ccae,5c3145112119,756653dcabed,e40cbd778b10,ca12f7e0bc26,97fcfadd6aae,2dbf72b294d1,6ded4dc64807,559d9e8c6c19,7bf3e3390b5d,06a8dad6d526
59a51948daa0,fb9abf310418,49afe37e86a9,3a17e2704136,56f8f910cb81,6382a318d580,d716ade3ab1c,48bb323e452d,464408816e2a,87017439bad0,4bf29dd69ad1,4de01d76ccae,e8d1f7dc3d40,756653dcabed,b190ff13bd42,ca12f7e0bc26,97fcfadd6aae,2dbf72b294d1,8f66477f646c,c4beb57777ef,7bf3e3390b5d,06a8dad6d526
0be20aeac075,81757bd0b2a5,9a6f70520b60,e649d74c9cd9,404939ad27db,6382a318d580,d716ade3ab1c,48bb323e452d,37f04650e47f,9314d7ed9792,547d1fbc079e,4de01d76ccae,140da3fc070f,83575dc8dc80,0cdcced8907d,a1506fa41e74,7352775fc497,7c572aeb3f13,8f66477f646c,e36764d55ec2,48cdc589becb,21e4b993995a
0be20aeac075,d8afede4887d,76b09c3cebf3,e2c4a19cb82f,404939ad27db,6382a318d580,d716ade3ab1c,48bb323e452d,701ff6666c15,debbed8d4496,547d1fbc079e,4de01d76ccae,f75e24b0e65f,83575dc8dc80,bac40dbc6491,a1506fa41e74,7352775fc497,2dbf72b294d1,8f66477f646c,8b3844c30586,98ceb2da5636,19e2b86fe736
8f299afacdd0,9d2f9736ef62,92cd262e0aa2,1c8b5dbb6495,404939ad27db,6382a318d580,d716ade3ab1c,48bb323e452d,fcd4cdeb89bb,ba1cd803e0dd,14870a394f99,4de01d76ccae,d90d3019b784,756653dcabed,e1399bdab36b,e2cf8569465e,7352775fc497,2dbf72b294d1,8f66477f646c,c21c326d9797,e8b0e9378e85,8fafccc0fb64
0a3734d6db15,eea3eecf3e16,10cac99071ea,ded0b8465f87,404939ad27db,6382a318d580,d716ade3ab1c,48bb323e452d,7abf019eef68,534f5144ebbb,14870a394f99,4de01d76ccae,f0c5280a4c1e,83575dc8dc80,3a02a6ab4533,995cffb65bc1,7352775fc497,2dbf72b294d1,8f66477f646c,8b3844c30586,496fcb180754,3c3348cc38b3
38462567dddb,9882bc2c8e3f,59954e1be9f0,9038e16d19a1,404939ad27db,6382a318d580,d716ade3ab1c,48bb323e452d,77af369a8fac,3f33e3112315,1909f4707fbc,4de01d76ccae,441d16ae2b01,756653dcabed,3d0a953f7b4e,e2cf8569465e,7352775fc497,7c572aeb3f13,8f66477f646c,e39f20daadc9,18666da7567c,b1339d49c110
8f299afacdd0,bbc330c87b81,55c285419699,7efb225998c2,404939ad27db,6382a318d580,d716ade3ab1c,48bb323e452d,ff2f4ecd6643,64c4469b307a,00e672016ac8,4de01d76ccae,30868a1861d3,756653dcabed,6dcf48ca8726,e2cf8569465e,97fcfadd6aae,7c572aeb3f13,8f66477f646c,c4beb57777ef,b4ae2c0ed561,c6f49f9050da
8f299afacdd0,c42b04963615,c194dfc6f102,dca59321796c,404939ad27db,6382a318d580,d716ade3ab1c,48bb323e452d,afac271cf204,f4f0d803c9db,14870a394f99,4de01d76ccae,6927026e7108,756653dcabed,e1399bdab36b,e2cf8569465e,7352775fc497,2dbf72b294d1,8f66477f646c,c21c326d9797,f0ae51718424,6b04e1269d88
db6d34019963,d5ce14a14f13,9d389a6cac56,b9e7fc64bb8d,404939ad27db,6382a318d580,d716ade3ab1c,48bb323e452d,3808271ce710,0a1a6904b336,e1f5e9510e8d,4de01d76ccae,e314f0e2ef3d,83575dc8dc80,3ebea2e9cf04,a1506fa41e74,7352775fc497,2dbf72b294d1,8f66477f646c,f515ff631d41,8146bd4454b9,896d47aac777
8f299afacdd0,d5feabcd574f,a557b4c6fefb,8b324abfb4d2,56f8f910cb81,6382a318d580,d716ade3ab1c,48bb323e452d,ff2f4ecd6643,64c4469b307a,00e672016ac8,4de01d76ccae,d0ee98f955e2,756653dcabed,3cf4b3634553,e2cf8569465e,97fcfadd6aae,2dbf72b294d1,8f66477f646c,36ff19562bda,939fb209ed1e,c6f49f9050da
8f299afacdd0,2d5051c3303c,92539d681003,621f42ec01f7,404939ad27db,6382a318d580,d716ade3ab1c,48bb323e452d,49ce7779ba07,ba1cd803e0dd,00e672016ac8,4de01d76ccae,52565e41589e,756653dcabed,e1399bdab36b,e2cf8569465e,7352775fc497,2dbf72b294d1,8f66477f646c,c21c326d9797,555ba23f34de,8fafccc0fb64
9b526c0080bb,c0815215e7a0,be8a1210d4a3,811603fdef3b,404939ad27db,6382a318d580,d716ade3ab1c,48bb323e452d,9b59abd241de,683d619c2b4f,620c655d09d4,4de01d76ccae,9531b7c691cb,756653dcabed,6836370f54ec,ca12f7e0bc26,7352775fc497,7c572aeb3f13,8f66477f646c,7eb3cba35fb8,1ed0a6b1fd2e,b5e645a59108
84ecfe499d74,0db93ffe3db6,a0285ad98142,4031a416d1cf,404939ad27db,6382a318d580,d716ade3ab1c,48bb323e452d,26d34d9e95f3,892e70c90b50,620c655d09d4,4de01d76ccae,ad8ef51ca507,756653dcabed,3760f9831d18,e2cf8569465e,97fcfadd6aae,7c572aeb3f13,8f66477f646c,f998841971b1,de6c940185e2,69e655ee45d3
f6f8e7019289,1a495eb8d10e,b1f046993661,441f48d87ce4,404939ad27db,6382a318d580,d716ade3ab1c,48bb323e452d,f0a0ebd6bad8,db590113cc11,e1f5e9510e8d,4de01d76ccae,d5a03df156d9,756653dcabed,e08f284d1bdf,ca12f7e0bc26,ad21b6c84713,2dbf72b294d1,8f66477f646c,c437c623823f,8f986819243d,18bdd996b2d9
0be20aeac075,39347753d51b,11bf3b205ea8,d205534abc18,404939ad27db,6382a318d580,d716ade3ab1c,48bb323e452d,701ff6666c15,debbed8d4496,91906b4260da,4de01d76ccae,726d6c68a9ae,83575dc8dc80,bac40dbc6491,a1506fa41e74,7352775fc497,2dbf72b294d1,8f66477f646c,8b3844c30586,31e8c03c50b6,19e2b86fe736
0be20aeac075,e23b72ce57a1,56decae75f14,0579ca756ce1,56f8f910cb81,6382a318d580,d716ade3ab1c,48bb323e452d,701ff6666c15,debbed8d4496,4bf29dd69ad1,4de01d76ccae,382b144f12c8,83575dc8dc80,bac40dbc6491,a1506fa41e74,7352775fc497,2dbf72b294d1,8f66477f646c,8b3844c30586,077dbd6783db,19e2b86fe736
59a51948daa0,7ea47dafaee7,af035056705f,579c509b13c8,56f8f910cb81,6382a318d580,d716ade3ab1c,48bb323e452d,d17e689460d7,87017439bad0,7f2cae55fcfa,4de01d76ccae,64d5cdf913cd,756653dcabed,e40cbd778b10,ca12f7e0bc26,97fcfadd6aae,2dbf72b294d1,6ded4dc64807,559d9e8c6c19,fed03dae6fe5,06a8dad6d526
472e3ed8cc36,2b1af3c2b89b,e7a7892380f1,812166c7a33d,404939ad27db,6382a318d580,d716ade3ab1c,48bb323e452d,6deec34f4a26,8cbaaf4fe287,91906b4260da,4de01d76ccae,a16c69f6e73f,4e2a75df4e3e,43b728e6673b,541c5eb30195,7352775fc497,2dbf72b294d1,8f66477f646c,e39f20daadc9,a9972a778a59,ca8dc9029eee
8f299afacdd0,829038620dc3,c6d8f40cde4e,8212003fb757,56f8f910cb81,6382a318d580,d716ade3ab1c,48bb323e452d,98f64b50846e,ba1cd803e0dd,00e672016ac8,4de01d76ccae,31a1690ed725,756653dcabed,7e44f07de8fc,e2cf8569465e,7352775fc497,2dbf72b294d1,8f66477f646c,c21c326d9797,33ffffcb405e,8fafccc0fb64
f6f8e7019289,5dfdd9e625c3,4e42b526764a,b51dfe0f1940,404939ad27db,6382a318d580,d716ade3ab1c,48bb323e452d,5c4665813848,db590113cc11,620c655d09d4,4de01d76ccae,29f9a360e7b8,756653dcabed,658bd8d344f0,ca12f7e0bc26,97fcfadd6aae,2dbf72b294d1,6ded4dc64807,423af87b78b9,a78890bf8a77,18bdd996b2d9
8f299afacdd0,6190f7db6837,26e71fa9e58b,3e8838139551,404939ad27db,6382a318d580,d716ade3ab1c,48bb323e452d,98f64b50846e,ba1cd803e0dd,00e672016ac8,4de01d76ccae,2e05023eeb9a,756653dcabed,a75db31aa225,e2cf8569465e,ad21b6c84713,2dbf72b294d1,8f66477f646c,f5e1eb89abb8,b4ae2c0ed561,8fafccc0fb64
c2d0d7f71985,297d74f5ad75,4302559f44b7,af2c6504803b,,6382a318d580,d716ade3ab1c,48bb323e452d,70de9cb9b54c,b355f6834ee6,00e672016ac8,4de01d76ccae,b94bb814f80c,ad22e05c98ef,c7ec67d50aac,a1506fa41e74,7352775fc497,2dbf72b294d1,8f66477f646c,edb07a77f478,d58062acb5e4,b603eb828cda
df1c8a376ed9,,,ca358471b081,404939ad27db,6382a318d580,d716ade3ab1c,48bb323e452d,8ba0762e8d38,683d619c2b4f,0afc5258c3fa,4de01d76ccae,874406221ffa,83575dc8dc80,70e6db82eba8,,7352775fc497,2dbf72b294d1,8f66477f646c,e36764d55ec2,7a89591946a7,ba696a8446ce
db6d34019963,5a03edd90f75,d8ac957270c4,ae041d4daeb3,404939ad27db,6382a318d580,d716ade3ab1c,48bb323e452d,3808271ce710,0a1a6904b336,e1f5e9510e8d,4de01d76ccae,db2be709c9a0,83575dc8dc80,3ebea2e9cf04,a1506fa41e74,7352775fc497,2dbf72b294d1,8f66477f646c,f515ff631d41,26a8c006bb5a,896d47aac777
84ecfe499d74,76c11e7e6ac3,c20cb907744a,e777055199ed,404939ad27db,6382a318d580,d716ade3ab1c,48bb323e452d,6cd0cb61d876,892e70c90b50,620c655d09d4,4de01d76ccae,3bf69463e3c7,756653dcabed,70a7b9cc65e4,e2cf8569465e,97fcfadd6aae,2dbf72b294d1,8f66477f646c,f998841971b1,b56e65895c3c,69e655ee45d3
84ecfe499d74,6ccd2be32945,e592cb31351b,fa0b427df793,404939ad27db,6382a318d580,d716ade3ab1c,48bb323e452d,6cd0cb61d876,892e70c90b50,620c655d09d4,4de01d76ccae,67cc097bd4f2,756653dcabed,70a7b9cc65e4,e2cf8569465e,97fcfadd6aae,2dbf72b294d1,8f66477f646c,f998841971b1,b56e65895c3c,69e655ee45d3
84ecfe499d74,f3efd74d0aaf,19c0a1f88d96,12275ca76ed3,404939ad27db,6382a318d580,d716ade3ab1c,48bb323e452d,6cd0cb61d876,892e70c90b50,620c655d09d4,4de01d76ccae,b24c312476b6,756653dcabed,70a7b9cc65e4,e2cf8569465e,97fcfadd6aae,2dbf72b294d1,8f66477f646c,f998841971b1,b56e65895c3c,69e655ee45d3
84ecfe499d74,bc4cedc797b9,ed56d1629a62,4ae185709b0f,404939ad27db,6382a318d580,d716ade3ab1c,48bb323e452d,6cd0cb61d876,892e70c90b50,620c655d09d4,4de01d76ccae,230d6fcf1dc2,756653dcabed,70a7b9cc65e4,e2cf8569465e,97fcfadd6aae,2dbf72b294d1,8f66477f646c,f998841971b1,b56e65895c3c,69e655ee45d3
84ecfe499d74,027ebd127e4d,4a986a57ade5,fef5eaeea52f,404939ad27db,6382a318d580,d716ade3ab1c,48bb323e452d,6cd0cb61d876,892e70c90b50,620c655d09d4,4de01d76ccae,2901d6d8325f,756653dcabed,70a7b9cc65e4,e2cf8569465e,97fcfadd6aae,2dbf72b294d1,8f66477f646c,f998841971b1,b56e65895c3c,69e655ee45d3
84ecfe499d74,fe984aa2b558,6f30f7d8ab95,efdc03a57cf0,404939ad27db,6382a318d580,d716ade3ab1c,48bb323e452d,6cd0cb61d876,892e70c90b50,620c655d09d4,4de01d76ccae,9552c9ed3eff,756653dcabed,70a7b9cc65e4,e2cf8569465e,97fcfadd6aae,2dbf72b294d1,8f66477f646c,f998841971b1,b56e65895c3c,69e655ee45d3
38462567dddb,2652ce99fcf4,a832692bf928,828a3077af45,404939ad27db,6382a318d580,d716ade3ab1c,48bb323e452d,adf3d1a21819,3ca78e09baf1,620c655d09d4,4de01d76ccae,ee29d04f20e2,756653dcabed,a7f36f22e461,e2cf8569465e,97fcfadd6aae,7c572aeb3f13,8f66477f646c,d722adc32b8c,c642159160e0,eff8ad28366d
38462567dddb,7feede5ab4eb,2e5c8490a2ee,4fc8c018d314,404939ad27db,6382a318d580,d716ade3ab1c,48bb323e452d,2e3ab2efca95,3ca78e09baf1,620c655d09d4,4de01d76ccae,d90d3019b784,756653dcabed,c2790a1dcce7,e2cf8569465e,97fcfadd6aae,2dbf72b294d1,8f66477f646c,d73c212b172c,83c03dc1b3c5,eff8ad28366d
df1c8a376ed9,5134c1ca9c06,b26f4025979e,22b4fe546222,404939ad27db,6382a318d580,d716ade3ab1c,48bb323e452d,446a1f0fbe24,87017439bad0,0afc5258c3fa,4de01d76ccae,7640d210e1e8,83575dc8dc80,70e6db82eba8,a1506fa41e74,7352775fc497,2dbf72b294d1,8f66477f646c,e36764d55ec2,a40e72b218a8,ca7f84638a61
df1c8a376ed9,63b86567c645,6b0e7b4b7772,0e7030a5786e,56f8f910cb81,6382a318d580,d716ade3ab1c,48bb323e452d,599c88d75f79,534f5144ebbb,620c655d09d4,4de01d76ccae,8d1ca5226f29,83575dc8dc80,e537f82dd2b4,a1506fa41e74,7352775fc497,2dbf72b294d1,6ded4dc64807,db065f5d38ed,93c7061938b3,910e149b0977
38462567dddb,a3504a866af3,3269c8de3e36,3b34dc3f1af7,404939ad27db,6382a318d580,d716ade3ab1c,48bb323e452d,f3918f854980,3ca78e09baf1,1909f4707fbc,4de01d76ccae,c69311489e6a,756653dcabed,60dd7afeb59b,e2cf8569465e,97fcfadd6aae,7c572aeb3f13,8f66477f646c,f998841971b1,e8b0e9378e85,eff8ad28366d
38462567dddb,4b07a05559d8,89a6f30a4980,e560ef5fcf4b,404939ad27db,6382a318d580,d716ade3ab1c,48bb323e452d,f3918f854980,3ca78e09baf1,1909f4707fbc,4de01d76ccae,8949c0aa3ec9,756653dcabed,60dd7afeb59b,e2cf8569465e,97fcfadd6aae,7c572aeb3f13,8f66477f646c,f998841971b1,e8b0e9378e85,eff8ad28366d
df1c8a376ed9,756a20dbcfc3,73132cfc6863,3720fd9888bb,404939ad27db,6382a318d580,d716ade3ab1c,48bb323e452d,446a1f0fbe24,87017439bad0,b15c2010203b,4de01d76ccae,f1bf25ed5e9e,83575dc8dc80,70e6db82eba8,a1506fa41e74,7352775fc497,2dbf72b294d1,8f66477f646c,e36764d55ec2,23a4ce74ed86,ca7f84638a61
9b526c0080bb,171a08826b42,6515e2a4e917,d3aad8c7718f,404939ad27db,6382a318d580,d716ade3ab1c,48bb323e452d,464408816e2a,87017439bad0,00e672016ac8,4de01d76ccae,9d628f8eb50f,756653dcabed,c0d8f5788061,ca12f7e0bc26,ad21b6c84713,2dbf72b294d1,8f66477f646c,a83f97815875,dcd02dc208df,30422b8981e7
df1c8a376ed9,ec3fecc1e615,f38139a7da68,e50a597d6123,404939ad27db,6382a318d580,d716ade3ab1c,48bb323e452d,c4e12dc867d3,87017439bad0,1909f4707fbc,4de01d76ccae,3136afc2b004,83575dc8dc80,70e6db82eba8,a1506fa41e74,7352775fc497,2dbf72b294d1,8f66477f646c,e36764d55ec2,83c03dc1b3c5,ca7f84638a61
38462567dddb,6949a799e708,75a14f941520,9e922165360b,404939ad27db,6382a318d580,d716ade3ab1c,48bb323e452d,26d34d9e95f3,892e70c90b50,620c655d09d4,4de01d76ccae,c8e8ad5af3d8,756653dcabed,75f720d017e3,e2cf8569465e,7352775fc497,2dbf72b294d1,8f66477f646c,c21c326d9797,95de5c8da9ea,6c2282386829
38462567dddb,f065d16a6c3b,8d01d7afa37c,54d120ac6fb9,404939ad27db,6382a318d580,d716ade3ab1c,48bb323e452d,2e3ab2efca95,3ca78e09baf1,620c655d09d4,4de01d76ccae,1b502e983620,756653dcabed,87bf4dcfb1b5,e2cf8569465e,7352775fc497,2dbf72b294d1,8f66477f646c,c21c326d9797,95de5c8da9ea,eff8ad28366d
38462567dddb,712e528f07d6,347d6b09c81d,e7a5d0eed15d,56f8f910cb81,6382a318d580,d716ade3ab1c,48bb323e452d,2e3ab2efca95,3ca78e09baf1,620c655d09d4,4de01d76ccae,5faa4838fd3e,756653dcabed,87bf4dcfb1b5,e2cf8569465e,7352775fc497,2dbf72b294d1,8f66477f646c,c21c326d9797,95de5c8da9ea,eff8ad28366d
38462567dddb,6aa1d42f99b9,b0003f3272dc,b2f0df222308,56f8f910cb81,6382a318d580,d716ade3ab1c,48bb323e452d,f3918f854980,3ca78e09baf1,1909f4707fbc,4de01d76ccae,1cbd91a01e54,756653dcabed,87bf4dcfb1b5,e2cf8569465e,7352775fc497,2dbf72b294d1,8f66477f646c,c21c326d9797,b56e65895c3c,eff8ad28366d
38462567dddb,0c72ab978b6a,326370b9e8d9,9479913f710b,404939ad27db,6382a318d580,d716ade3ab1c,48bb323e452d,2e3ab2efca95,3ca78e09baf1,620c655d09d4,4de01d76ccae,ec0194a067e4,756653dcabed,c2790a1dcce7,e2cf8569465e,97fcfadd6aae,2dbf72b294d1,8f66477f646c,d73c212b172c,d846ed80ae92,eff8ad28366d
38462567dddb,8fd50c5f7495,7fc1b2d3b1d3,c2af2b7a69ac,404939ad27db,6382a318d580,d716ade3ab1c,48bb323e452d,c220608960e2,892e70c90b50,620c655d09d4,4de01d76ccae,afdf392d6a9a,756653dcabed,75f720d017e3,e2cf8569465e,7352775fc497,2dbf72b294d1,8f66477f646c,c21c326d9797,fd2d34dfde4b,6c2282386829
d13b415bb448,27c6c1763293,47870eacc2b0,4332c75537f8,56f8f910cb81,6382a318d580,d716ade3ab1c,48bb323e452d,fee6b90fcf78,683d619c2b4f,620c655d09d4,4de01d76ccae,7d04adbae86e,83575dc8dc80,176242d26be4,d759b9c80402,7352775fc497,2dbf72b294d1,6ded4dc64807,db065f5d38ed,9109d50f7494,a29007181baf
38462567dddb,fc1003f793b7,8edf1c51be53,6c06068c02c0,56f8f910cb81,6382a318d580,d716ade3ab1c,48bb323e452d,82b89cd111e7,3f33e3112315,1909f4707fbc,4de01d76ccae,d2cafc902889,756653dcabed,3d0a953f7b4e,e2cf8569465e,7352775fc497,7c572aeb3f13,8f66477f646c,e39f20daadc9,ba980d07c8ab,b1339d49c110
38462567dddb,e3698b5bdabc,e3779fac757a,31ec782cd8cd,404939ad27db,6382a318d580,d716ade3ab1c,48bb323e452d,c220608960e2,892e70c90b50,620c655d09d4,4de01d76ccae,99ef7baaabc4,756653dcabed,de9029b25442,e2cf8569465e,97fcfadd6aae,7c572aeb3f13,8f66477f646c,d73c212b172c,83c03dc1b3c5,6c2282386829
38462567dddb,880fff96699c,c9ed43b4afdb,55de27c6db00,404939ad27db,6382a318d580,d716ade3ab1c,48bb323e452d,c220608960e2,892e70c90b50,1909f4707fbc,4de01d76ccae,245299b9ffa4,756653dcabed,75f720d017e3,e2cf8569465e,7352775fc497,2dbf72b294d1,8f66477f646c,c21c326d9797,18666da7567c,6c2282386829
38462567dddb,77623d9366c1,9e5ede5584bb,6eb177c05e80,404939ad27db,6382a318d580,d716ade3ab1c,48bb323e452d,c220608960e2,892e70c90b50,620c655d09d4,4de01d76ccae,bc2f36d95073,756653dcabed,de9029b25442,e2cf8569465e,97fcfadd6aae,7c572aeb3f13,8f66477f646c,d73c212b172c,83c03dc1b3c5,6c2282386829
38462567dddb,cdf147ef82ba,98cdda841852,e8e634f43b7c,404939ad27db,6382a318d580,d716ade3ab1c,48bb323e452d,f3918f854980,3ca78e09baf1,620c655d09d4,4de01d76ccae,17699f64510e,756653dcabed,87bf4dcfb1b5,e2cf8569465e,7352775fc497,2dbf72b294d1,8f66477f646c,c21c326d9797,95de5c8da9ea,eff8ad28366d
38462567dddb,350ce62498b7,baf9becad138,f90e30eb9245,404939ad27db,6382a318d580,d716ade3ab1c,48bb323e452d,c220608960e2,892e70c90b50,620c655d09d4,4de01d76ccae,62301cd03d58,756653dcabed,de9029b25442,e2cf8569465e,97fcfadd6aae,7c572aeb3f13,8f66477f646c,d73c212b172c,83c03dc1b3c5,6c2282386829
d13b415bb448,,,c77265fd9fe0,56f8f910cb81,00a6a274e43a,d716ade3ab1c,48bb323e452d,3661b7366dff,7240f5e492e5,ffc7a8c8c9ff,4de01d76ccae,,83575dc8dc80,b1e146a7b02f,d759b9c80402,7352775fc497,2dbf72b294d1,8f66477f646c,e36764d55ec2,e8f7b957ed0c,b3d5b787845c
9b526c0080bb,5072111c6f19,4f92f85c18c4,1e5ece43e827,404939ad27db,6382a318d580,d716ade3ab1c,48bb323e452d,4bbdc0dc35b3,87017439bad0,620c655d09d4,4de01d76ccae,3136afc2b004,756653dcabed,8715e7ecb153,ca12f7e0bc26,ad21b6c84713,2dbf72b294d1,8f66477f646c,f5e1eb89abb8,8874fb027620,30422b8981e7
8f299afacdd0,f98c159cd44c,c78905aff631,59e2c8af1077,404939ad27db,6382a318d580,d716ade3ab1c,48bb323e452d,fcd4cdeb89bb,ba1cd803e0dd,620c655d09d4,4de01d76ccae,1ce56328489a,756653dcabed,322fd77fae95,e2cf8569465e,ad21b6c84713,2dbf72b294d1,8f66477f646c,a83f97815875,496fcb180754,8fafccc0fb64
8f299afacdd0,68ba2d65b020,b5b9421f1ed5,b666f96cf380,56f8f910cb81,6382a318d580,d716ade3ab1c,48bb323e452d,60e67a0a6d05,ba1cd803e0dd,620c655d09d4,4de01d76ccae,5c55782554a0,756653dcabed,e2aaf30829cd,e2cf8569465e,7352775fc497,7c572aeb3f13,8f66477f646c,c21c326d9797,715b381e30fa,8fafccc0fb64
8f299afacdd0,cced635af46c,ae3ded4e6a29,1ed070cd2788,404939ad27db,6382a318d580,d716ade3ab1c,48bb323e452d,6cd0cb61d876,892e70c90b50,620c655d09d4,4de01d76ccae,d0ce62cd249e,756653dcabed,e2aaf30829cd,e2cf8569465e,7352775fc497,7c572aeb3f13,8f66477f646c,c21c326d9797,cf55d3c65192,7778802fc174
f6f8e7019289,970d31178b7b,bd445ffb29b5,02a2980c9cdb,404939ad27db,6382a318d580,d716ade3ab1c,48bb323e452d,a66669b51838,0a1a6904b336,620c655d09d4,4de01d76ccae,66e426b26543,756653dcabed,65d7aa7f83b6,ca12f7e0bc26,ad21b6c84713,2dbf72b294d1,8f66477f646c,a83f97815875,93c7061938b3,650ed51ad0b6
9b526c0080bb,08c3378781e0,d4fc0be148d3,c4b3f57a570c,404939ad27db,6382a318d580,d716ade3ab1c,48bb323e452d,e7cb213eab62,0a1a6904b336,620c655d09d4,4de01d76ccae,db3c522c53b7,756653dcabed,acaa9a9af97e,ca12f7e0bc26,97fcfadd6aae,7c572aeb3f13,8f66477f646c,f998841971b1,9f090118f279,353cbf3935d5
9b526c0080bb,524777f77d40,7a49ad90c657,8dc349e2b14d,404939ad27db,6382a318d580,d716ade3ab1c,48bb323e452d,e7cb213eab62,0a1a6904b336,620c655d09d4,4de01d76ccae,db3c522c53b7,756653dcabed,acaa9a9af97e,ca12f7e0bc26,97fcfadd6aae,7c572aeb3f13,8f66477f646c,f998841971b1,9f090118f279,353cbf3935d5
df1c8a376ed9,2b782ffef32a,35101feae9d0,3ecec7eabeed,56f8f910cb81,6382a318d580,d716ade3ab1c,48bb323e452d,28a30641291f,87017439bad0,00e672016ac8,4de01d76ccae,8f890e25be6f,83575dc8dc80,70e6db82eba8,a1506fa41e74,7352775fc497,2dbf72b294d1,8f66477f646c,e36764d55ec2,fb7d41d5f3ed,ca7f84638a61
df1c8a376ed9,b0cb6ef06de3,0faf4df360c9,6c88f92bfc55,56f8f910cb81,6382a318d580,d716ade3ab1c,48bb323e452d,4d2cfddd49c0,683d619c2b4f,00e672016ac8,4de01d76ccae,65adef776a3d,83575dc8dc80,70e6db82eba8,a1506fa41e74,7352775fc497,2dbf72b294d1,8f66477f646c,e36764d55ec2,bfe90193ae17,ba696a8446ce
df1c8a376ed9,b54037f3e637,3a1abfd41802,5c4184364194,56f8f910cb81,6382a318d580,d716ade3ab1c,48bb323e452d,599c88d75f79,534f5144ebbb,620c655d09d4,4de01d76ccae,359813131ab6,83575dc8dc80,e537f82dd2b4,a1506fa41e74,7352775fc497,2dbf72b294d1,6ded4dc64807,db065f5d38ed,8874fb027620,910e149b0977
472e3ed8cc36,42e5a57a2620,bbd55c4bd55e,6b26c20af3c4,404939ad27db,6382a318d580,d716ade3ab1c,48bb323e452d,6deec34f4a26,8cbaaf4fe287,620c655d09d4,4de01d76ccae,86d9714c24c3,4e2a75df4e3e,693877706b96,541c5eb30195,7352775fc497,2dbf72b294d1,8f66477f646c,e39f20daadc9,60a13fcc92d8,ca8dc9029eee
df1c8a376ed9,09dde081a9c2,c645c98600c8,56495ed54896,56f8f910cb81,6382a318d580,d716ade3ab1c,48bb323e452d,4d2cfddd49c0,683d619c2b4f,620c655d09d4,4de01d76ccae,17fafa5a1277,83575dc8dc80,70e6db82eba8,a1506fa41e74,7352775fc497,2dbf72b294d1,8f66477f646c,e36764d55ec2,93c7061938b3,ba696a8446ce
d13b415bb448,357af4cc4716,1db2dc621a24,56fdc87cf107,404939ad27db,6382a318d580,d716ade3ab1c,48bb323e452d,3661b7366dff,1112313512f6,1909f4707fbc,4de01d76ccae,5844d7c5f702,83575dc8dc80,b1e146a7b02f,d759b9c80402,7352775fc497,2dbf72b294d1,8f66477f646c,e36764d55ec2,aeebe635e385,d7cd703bfd5d
df1c8a376ed9,cfeb76951c43,5cad8d31ffb5,d086491ffc6b,56f8f910cb81,6382a318d580,d716ade3ab1c,48bb323e452d,599c88d75f79,534f5144ebbb,620c655d09d4,4de01d76ccae,359813131ab6,83575dc8dc80,e537f82dd2b4,a1506fa41e74,7352775fc497,2dbf72b294d1,6ded4dc64807,db065f5d38ed,e855ecae3ea2,910e149b0977
df1c8a376ed9,30c855014fea,e355a1e72789,9f7c95f0b875,56f8f910cb81,6382a318d580,d716ade3ab1c,48bb323e452d,446a1f0fbe24,87017439bad0,14870a394f99,4de01d76ccae,81c3383a14b7,83575dc8dc80,70e6db82eba8,a1506fa41e74,7352775fc497,2dbf72b294d1,8f66477f646c,e36764d55ec2,ff7dbac40053,ca7f84638a61
59a51948daa0,362e8978a29f,dcde80a5074c,7345c7a122f0,404939ad27db,6382a318d580,d716ade3ab1c,48bb323e452d,d17e689460d7,87017439bad0,0afc5258c3fa,4de01d76ccae,6af946c75e31,756653dcabed,f47e26cf98c5,ca12f7e0bc26,97fcfadd6aae,2dbf72b294d1,8f66477f646c,d73c212b172c,33914f2b0126,06a8dad6d526
df1c8a376ed9,66b794ea5107,855d320f420d,3f5d65b3d67b,56f8f910cb81,6382a318d580,d716ade3ab1c,48bb323e452d,28a30641291f,87017439bad0,620c655d09d4,4de01d76ccae,9531b7c691cb,83575dc8dc80,170f1e0e2c65,a1506fa41e74,7352775fc497,2dbf72b294d1,8f66477f646c,7cfd31a06791,8874fb027620,ca7f84638a61
df1c8a376ed9,3883363a9904,e0cf1507b947,7f7200a0939b,56f8f910cb81,6382a318d580,d716ade3ab1c,48bb323e452d,28a30641291f,87017439bad0,00e672016ac8,4de01d76ccae,ec876a17e860,83575dc8dc80,170f1e0e2c65,a1506fa41e74,7352775fc497,2dbf72b294d1,8f66477f646c,7cfd31a06791,fedfd4b3ebf5,ca7f84638a61
df1c8a376ed9,e4055b853c6a,3d81c99a5a95,6932d1b78eda,404939ad27db,6382a318d580,d716ade3ab1c,48bb323e452d,28a30641291f,87017439bad0,00e672016ac8,4de01d76ccae,c6450caabc75,83575dc8dc80,170f1e0e2c65,a1506fa41e74,7352775fc497,2dbf72b294d1,8f66477f646c,7cfd31a06791,2a5f7c5cabb4,ca7f84638a61
df1c8a376ed9,454e987c0217,18a1468c4bdc,4d9e11d63164,404939ad27db,6382a318d580,d716ade3ab1c,48bb323e452d,c4e12dc867d3,87017439bad0,14870a394f99,4de01d76ccae,54a9316f89dd,83575dc8dc80,70e6db82eba8,a1506fa41e74,7352775fc497,2dbf72b294d1,8f66477f646c,e36764d55ec2,b4ae2c0ed561,ca7f84638a61
df1c8a376ed9,51aa7914a852,41a5cc6a783d,ae89c97b86e2,404939ad27db,6382a318d580,d716ade3ab1c,48bb323e452d,446a1f0fbe24,87017439bad0,547d1fbc079e,4de01d76ccae,31d4aa3e1add,83575dc8dc80,170f1e0e2c65,a1506fa41e74,7352775fc497,2dbf72b294d1,8f66477f646c,7cfd31a06791,3801df6f99aa,ca7f84638a61
9b526c0080bb,d75ba8e379bb,12be0f6b3cb6,baeb7baab706,404939ad27db,6382a318d580,d716ade3ab1c,48bb323e452d,5f677d5a3c09,0a1a6904b336,620c655d09d4,4de01d76ccae,eb30160b7bd8,756653dcabed,acaa9a9af97e,ca12f7e0bc26,97fcfadd6aae,7c572aeb3f13,8f66477f646c,f998841971b1,9f090118f279,353cbf3935d5
df1c8a376ed9,cfbd63dc7323,81047d3c319b,104d1274f8f1,56f8f910cb81,6382a318d580,d716ade3ab1c,48bb323e452d,28a30641291f,87017439bad0,4bf29dd69ad1,4de01d76ccae,ec876a17e860,83575dc8dc80,70e6db82eba8,a1506fa41e74,7352775fc497,2dbf72b294d1,8f66477f646c,e36764d55ec2,2f7f8754c932,ca7f84638a61
d13b415bb448,f3b679d46527,048ab65d92ff,4ef43384464b,404939ad27db,6382a318d580,d716ade3ab1c,48bb323e452d,8eb4dd9aa79c,7240f5e492e5,00e672016ac8,4de01d76ccae,60a2b4ba7c40,83575dc8dc80,b1e146a7b02f,d759b9c80402,7352775fc497,2dbf72b294d1,8f66477f646c,e36764d55ec2,c8abd7a9e8fe,b3d5b787845c
9b526c0080bb,1b08d4145246,c3c832845876,19a6c7dd47a9,404939ad27db,6382a318d580,d716ade3ab1c,48bb323e452d,9b59abd241de,683d619c2b4f,91906b4260da,4de01d76ccae,7248ffe53e08,756653dcabed,fbbea71d86a6,ca12f7e0bc26,7352775fc497,2dbf72b294d1,8f66477f646c,7eb3cba35fb8,acfae69ab4fc,b5e645a59108
8f299afacdd0,c7607b28feb8,f063c0c5969a,790e3f6f99a1,56f8f910cb81,6382a318d580,d716ade3ab1c,48bb323e452d,9bdf4c3fb3df,64c4469b307a,7f2cae55fcfa,4de01d76ccae,64f54858f14d,756653dcabed,6dcf48ca8726,e2cf8569465e,97fcfadd6aae,7c572aeb3f13,8f66477f646c,c4beb57777ef,e8b0e9378e85,c6f49f9050da
f6f8e7019289,d73439e6822f,72abe01aa18c,6b33a9692e4b,404939ad27db,6382a318d580,d716ade3ab1c,48bb323e452d,a66669b51838,0a1a6904b336,547d1fbc079e,4de01d76ccae,bc2b799892bb,756653dcabed,5851171efdb9,ca12f7e0bc26,7352775fc497,2dbf72b294d1,8f66477f646c,7d31b998635f,f6493bbd1372,650ed51ad0b6
f6f8e7019289,d2690803ac56,d0e5290e4551,caa3c5d9d431,404939ad27db,6382a318d580,d716ade3ab1c,48bb323e452d,a66669b51838,0a1a6904b336,547d1fbc079e,4de01d76ccae,7c28dfbddca2,756653dcabed,1a40072b5274,ca12f7e0bc26,97fcfadd6aae,7c572aeb3f13,8f66477f646c,ab04da539770,8a792c010260,650ed51ad0b6
df1c8a376ed9,ed623a46a17d,8dc974c5ed19,0986d8faf7d7,404939ad27db,6382a318d580,d716ade3ab1c,48bb323e452d,42992f3ba475,534f5144ebbb,547d1fbc079e,4de01d76ccae,cc9e76fafbf6,83575dc8dc80,dd782d1d68a5,a1506fa41e74,7352775fc497,7c572aeb3f13,6ded4dc64807,db065f5d38ed,e3879c9c91e7,910e149b0977
8f299afacdd0,6ad2c1e27f3e,00e72a3a2702,8dc50bb1f54f,404939ad27db,6382a318d580,d716ade3ab1c,48bb323e452d,9bdf4c3fb3df,64c4469b307a,547d1fbc079e,4de01d76ccae,eeeddce0b321,756653dcabed,6dcf48ca8726,e2cf8569465e,97fcfadd6aae,7c572aeb3f13,8f66477f646c,c4beb57777ef,cb1acdd02326,c6f49f9050da
8f299afacdd0,544012452b8b,1a3f49b67fd5,79ebeaf1e3c3,404939ad27db,6382a318d580,d716ade3ab1c,48bb323e452d,6bf0d2cd4721,8cbaaf4fe287,1909f4707fbc,4de01d76ccae,57def4ea91d0,756653dcabed,a75db31aa225,e2cf8569465e,ad21b6c84713,2dbf72b294d1,8f66477f646c,f5e1eb89abb8,33b5532265cd,7778802fc174
8f299afacdd0,716a739557d4,d0d3c135fbb7,95f420d586c8,404939ad27db,6382a318d580,d716ade3ab1c,48bb323e452d,1e554e32f8bc,64c4469b307a,1909f4707fbc,4de01d76ccae,327812657daa,756653dcabed,61f50c1e77f9,e2cf8569465e,97fcfadd6aae,2dbf72b294d1,8f66477f646c,c4beb57777ef,353cfb473fa0,c6f49f9050da
d13b415bb448,cf9f034c15ef,9e123c287136,9d7e69c3b2aa,56f8f910cb81,6382a318d580,d716ade3ab1c,48bb323e452d,67a9b15450c7,683d619c2b4f,4bf29dd69ad1,4de01d76ccae,aeb5bfba7611,83575dc8dc80,9c5fab9761d3,d759b9c80402,7352775fc497,2dbf72b294d1,8f66477f646c,674095f77b9f,2f7f8754c932,a29007181baf
d13b415bb448,9931f9f37cde,f7e9e1071bd8,92f4d5fe5313,404939ad27db,6382a318d580,d716ade3ab1c,48bb323e452d,07ff7f0e77bd,683d619c2b4f,547d1fbc079e,4de01d76ccae,64c06dd43530,83575dc8dc80,b7cde60db9ab,d759b9c80402,7352775fc497,7c572aeb3f13,8f66477f646c,674095f77b9f,78447b031b67,a29007181baf
d13b415bb448,ffa092f5da47,c4e6707f9e02,daceddc86b9f,404939ad27db,6382a318d580,d716ade3ab1c,48bb323e452d,67a9b15450c7,683d619c2b4f,547d1fbc079e,4de01d76ccae,8065fd3dab8c,83575dc8dc80,e11f93d9b722,d759b9c80402,7352775fc497,7c572aeb3f13,8f66477f646c,e36764d55ec2,006bf024f657,a29007181baf
df1c8a376ed9,7b2a1ea52dea,2cecd3f55984,37c20838ac10,56f8f910cb81,6382a318d580,d716ade3ab1c,48bb323e452d,c1cd762a2e7f,0a1a6904b336,620c655d09d4,4de01d76ccae,a47d50ce79eb,83575dc8dc80,0ca60172fc37,a1506fa41e74,7352775fc497,2dbf72b294d1,8f66477f646c,674095f77b9f,142f792a662b,aa5de739da5c
38462567dddb,0bb076369757,f11e8a601206,678590817ca3,404939ad27db,6382a318d580,d716ade3ab1c,48bb323e452d,33eb8cdffbe4,3f33e3112315,00e672016ac8,4de01d76ccae,8b77ee78eed5,756653dcabed,30c4673812cb,e2cf8569465e,97fcfadd6aae,2dbf72b294d1,8f66477f646c,36ff19562bda,6e47bc5269c5,b1339d49c110
df1c8a376ed9,9fafbba8012e,77c50f1e8629,2f53ff42c7b4,404939ad27db,6382a318d580,d716ade3ab1c,48bb323e452d,28a30641291f,87017439bad0,620c655d09d4,4de01d76ccae,8f890e25be6f,83575dc8dc80,170f1e0e2c65,a1506fa41e74,7352775fc497,2dbf72b294d1,8f66477f646c,7cfd31a06791,93c7061938b3,ca7f84638a61
df1c8a376ed9,bfd10aa9972a,ed156a586877,38352ad82864,56f8f910cb81,6382a318d580,d716ade3ab1c,48bb323e452d,dcc3d098836a,0a1a6904b336,620c655d09d4,4de01d76ccae,412a4f4478e5,83575dc8dc80,0ca60172fc37,a1506fa41e74,7352775fc497,2dbf72b294d1,8f66477f646c,674095f77b9f,93c7061938b3,aa5de739da5c
f6f8e7019289,8f540bd0b8b7,5e30e6a64efb,2510ca2119f2,404939ad27db,6382a318d580,d716ade3ab1c,48bb323e452d,58e10f881385,0a1a6904b336,620c655d09d4,4de01d76ccae,d0ee98f955e2,756653dcabed,1a40072b5274,ca12f7e0bc26,97fcfadd6aae,7c572aeb3f13,8f66477f646c,ab04da539770,93c7061938b3,650ed51ad0b6
df1c8a376ed9,90e9b83c36dc,f60f57ef1e87,0fece1f3cce2,56f8f910cb81,6382a318d580,d716ade3ab1c,48bb323e452d,c1cd762a2e7f,0a1a6904b336,00e672016ac8,4de01d76ccae,74c2747d2b9b,83575dc8dc80,0ca60172fc37,a1506fa41e74,7352775fc497,2dbf72b294d1,8f66477f646c,674095f77b9f,83c03dc1b3c5,aa5de739da5c
f6f8e7019289,ebe27f375670,572ba0b51378,6807666b5ca6,404939ad27db,6382a318d580,d716ade3ab1c,48bb323e452d,58e10f881385,0a1a6904b336,620c655d09d4,4de01d76ccae,8f890e25be6f,756653dcabed,9fb8a8bc7f93,ca12f7e0bc26,97fcfadd6aae,7c572aeb3f13,8f66477f646c,d73c212b172c,93c7061938b3,650ed51ad0b6
f6f8e7019289,a853029fb184,06cdf9e3b58f,5d069cfd49df,404939ad27db,6382a318d580,d716ade3ab1c,48bb323e452d,58e10f881385,0a1a6904b336,620c655d09d4,4de01d76ccae,c6450caabc75,756653dcabed,9fb8a8bc7f93,ca12f7e0bc26,97fcfadd6aae,7c572aeb3f13,8f66477f646c,d73c212b172c,93c7061938b3,650ed51ad0b6
f6f8e7019289,2ee04c11448e,16121104fd67,e6d549cb5961,56f8f910cb81,6382a318d580,d716ade3ab1c,48bb323e452d,a66669b51838,0a1a6904b336,620c655d09d4,4de01d76ccae,c0256fcc0024,756653dcabed,227f1157a490,ca12f7e0bc26,97fcfadd6aae,7c572aeb3f13,6ded4dc64807,ab04da539770,93c7061938b3,650ed51ad0b6
f6f8e7019289,0682f3abc17b,e01f3eb6f881,b7aa27b97b19,56f8f910cb81,6382a318d580,d716ade3ab1c,48bb323e452d,a66669b51838,0a1a6904b336,620c655d09d4,4de01d76ccae,ab536490d817,756653dcabed,9fb8a8bc7f93,ca12f7e0bc26,97fcfadd6aae,7c572aeb3f13,8f66477f646c,d73c212b172c,93c7061938b3,650ed51ad0b6
f6f8e7019289,8ee42ba0ffa0,950f0e99e39e,d904029f325f,404939ad27db,6382a318d580,d716ade3ab1c,48bb323e452d,58e10f881385,0a1a6904b336,620c655d09d4,4de01d76ccae,d32b7f1f897d,756653dcabed,9fb8a8bc7f93,ca12f7e0bc26,97fcfadd6aae,7c572aeb3f13,8f66477f646c,d73c212b172c,bab6e157f78d,650ed51ad0b6
f6f8e7019289,3a980c03dd79,2ed84ddfa513,88e5386d18f5,404939ad27db,6382a318d580,d716ade3ab1c,48bb323e452d,a66669b51838,0a1a6904b336,620c655d09d4,4de01d76ccae,56c511d500d4,756653dcabed,9fb8a8bc7f93,ca12f7e0bc26,97fcfadd6aae,7c572aeb3f13,8f66477f646c,d73c212b172c,93c7061938b3,650ed51ad0b6
f6f8e7019289,1954069d86bd,2bec569aa632,19db87a7f31f,404939ad27db,6382a318d580,d716ade3ab1c,48bb323e452d,5f677d5a3c09,0a1a6904b336,620c655d09d4,4de01d76ccae,3012413ae5c8,756653dcabed,1a40072b5274,ca12f7e0bc26,97fcfadd6aae,7c572aeb3f13,8f66477f646c,ab04da539770,93c7061938b3,650ed51ad0b6
f6f8e7019289,e46d64927f0f,e7f387f36622,3fb0062eced4,404939ad27db,6382a318d580,d716ade3ab1c,48bb323e452d,58e10f881385,0a1a6904b336,620c655d09d4,4de01d76ccae,c232213f1766,756653dcabed,1a40072b5274,ca12f7e0bc26,97fcfadd6aae,7c572aeb3f13,8f66477f646c,ab04da539770,"8,4333E+11",650ed51ad0b6
d13b415bb448,a69ff0c64057,34c2ebc494f5,f2f5b58db34e,404939ad27db,6382a318d580,d716ade3ab1c,48bb323e452d,7ddf004d0937,683d619c2b4f,0afc5258c3fa,4de01d76ccae,c5e2200a8999,83575dc8dc80,176242d26be4,d759b9c80402,7352775fc497,2dbf72b294d1,6ded4dc64807,db065f5d38ed,9826f87e8278,a29007181baf
df1c8a376ed9,39c2f55cfeb6,9dacda9d863d,fe868bf31128,56f8f910cb81,6382a318d580,d716ade3ab1c,48bb323e452d,28a30641291f,87017439bad0,00e672016ac8,4de01d76ccae,bc2b799892bb,83575dc8dc80,a89ee4e5ed3e,a1506fa41e74,7352775fc497,7c572aeb3f13,8f66477f646c,7cfd31a06791,9b10ade4652e,ca7f84638a61
df1c8a376ed9,d774bb94fd8c,aa4ddaf7fabf,6485177aea37,404939ad27db,6382a318d580,d716ade3ab1c,48bb323e452d,25541ced5c2e,534f5144ebbb,91906b4260da,4de01d76ccae,ec876a17e860,83575dc8dc80,dd782d1d68a5,a1506fa41e74,7352775fc497,7c572aeb3f13,6ded4dc64807,db065f5d38ed,5284748b64ef,910e149b0977
0a3734d6db15,9de349cbeea6,289cd04492aa,29b9f23717fb,56f8f910cb81,6382a318d580,d716ade3ab1c,48bb323e452d,7abf019eef68,534f5144ebbb,620c655d09d4,4de01d76ccae,a36a041a7997,83575dc8dc80,f22f57513a7d,995cffb65bc1,7352775fc497,2dbf72b294d1,6ded4dc64807,224d4a139131,affc96b6bf8c,3c3348cc38b3
0a3734d6db15,26f002059073,5ed405c46b47,d9b83db003b8,56f8f910cb81,6382a318d580,d716ade3ab1c,48bb323e452d,7abf019eef68,534f5144ebbb,5cafcfc1e1a7,4de01d76ccae,f0c5280a4c1e,83575dc8dc80,f22f57513a7d,995cffb65bc1,7352775fc497,2dbf72b294d1,6ded4dc64807,224d4a139131,d34f4d7805ad,3c3348cc38b3
0a3734d6db15,01f186fccb75,6fd753939797,eb6e2c6770be,56f8f910cb81,6382a318d580,d716ade3ab1c,48bb323e452d,192a205482dd,2b0265602ca1,620c655d09d4,4de01d76ccae,23afbde1b6c7,83575dc8dc80,40676d12b9d5,995cffb65bc1,7352775fc497,2dbf72b294d1,6ded4dc64807,db065f5d38ed,142f792a662b,3142afcdfbd4
0a3734d6db15,5491c8523087,794f994f8235,0a8e92940b30,56f8f910cb81,6382a318d580,d716ade3ab1c,48bb323e452d,563766e851d0,534f5144ebbb,620c655d09d4,4de01d76ccae,7d25352945d8,83575dc8dc80,b74a6cbeddd2,995cffb65bc1,7352775fc497,2dbf72b294d1,6ded4dc64807,224d4a139131,142f792a662b,3c3348cc38b3
0a3734d6db15,cfb7e6a27cd0,6135a932730c,17dff5bf2230,56f8f910cb81,6382a318d580,d716ade3ab1c,48bb323e452d,7abf019eef68,534f5144ebbb,620c655d09d4,4de01d76ccae,19394b048b20,83575dc8dc80,f22f57513a7d,995cffb65bc1,7352775fc497,2dbf72b294d1,6ded4dc64807,224d4a139131,83c03dc1b3c5,3c3348cc38b3
0a3734d6db15,d01d1c452f23,ff8a7c0c59b2,4bf36a509e64,404939ad27db,6382a318d580,d716ade3ab1c,48bb323e452d,563766e851d0,534f5144ebbb,620c655d09d4,4de01d76ccae,b1f493ab21b0,83575dc8dc80,b74a6cbeddd2,995cffb65bc1,7352775fc497,2dbf72b294d1,6ded4dc64807,224d4a139131,1fcfb3d3ad5f,3c3348cc38b3
8f299afacdd0,3ecd98e3870d,966e8ed6e626,aace9f6a479b,404939ad27db,6382a318d580,d716ade3ab1c,48bb323e452d,795468d8d973,ab0c10beb5c7,0afc5258c3fa,4de01d76ccae,945f3f4a0282,756653dcabed,4b09d5f20bae,e2cf8569465e,57291f65f094,2dbf72b294d1,8f66477f646c,d6b9aa8c53a2,6d6555863b03,9e2b3de9a5c3
8f299afacdd0,b2a8f7669272,d21696df518b,0c5663bc496b,404939ad27db,6382a318d580,d716ade3ab1c,48bb323e452d,ff2f4ecd6643,64c4469b307a,00e672016ac8,4de01d76ccae,5c3145112119,756653dcabed,3cf4b3634553,e2cf8569465e,97fcfadd6aae,2dbf72b294d1,8f66477f646c,36ff19562bda,b4ae2c0ed561,c6f49f9050da
84ecfe499d74,2cebdc1cf267,9beb1887e3c8,1467f5338b10,404939ad27db,6382a318d580,d716ade3ab1c,48bb323e452d,6cd0cb61d876,892e70c90b50,620c655d09d4,4de01d76ccae,52565e41589e,756653dcabed,70a7b9cc65e4,e2cf8569465e,97fcfadd6aae,2dbf72b294d1,8f66477f646c,f998841971b1,b56e65895c3c,69e655ee45d3
38462567dddb,a82241b6816b,c9c1d8e12517,f91518809334,404939ad27db,6382a318d580,d716ade3ab1c,48bb323e452d,6cd0cb61d876,892e70c90b50,00e672016ac8,4de01d76ccae,2eb8c0a68234,756653dcabed,c2790a1dcce7,e2cf8569465e,97fcfadd6aae,2dbf72b294d1,8f66477f646c,d73c212b172c,83c03dc1b3c5,6c2282386829
8f299afacdd0,cb2006fc71e5,a042862166cd,be57a82971cb,56f8f910cb81,6382a318d580,d716ade3ab1c,48bb323e452d,ff2f4ecd6643,64c4469b307a,00e672016ac8,4de01d76ccae,fd4354577db7,756653dcabed,3cf4b3634553,e2cf8569465e,97fcfadd6aae,2dbf72b294d1,8f66477f646c,36ff19562bda,b560b90427da,c6f49f9050da
039bab4ee99e,6fc1d324fc82,58e441dd6f24,4acac38e6ade,404939ad27db,6382a318d580,d716ade3ab1c,48bb323e452d,22dbba06f3eb,d050c24b1683,1909f4707fbc,4de01d76ccae,728aabf2c32e,756653dcabed,c3c573135698,e2cf8569465e,97fcfadd6aae,2dbf72b294d1,8f66477f646c,c4beb57777ef,d29ac7bb6a46,0d8974657f35
8f299afacdd0,b7baa80f1929,80f6b0a878b7,bbbb9cf1f492,56f8f910cb81,6382a318d580,d716ade3ab1c,48bb323e452d,795468d8d973,ab0c10beb5c7,1909f4707fbc,4de01d76ccae,bb18a4863a73,756653dcabed,4b09d5f20bae,e2cf8569465e,57291f65f094,2dbf72b294d1,8f66477f646c,d6b9aa8c53a2,1c6e2fece553,9e2b3de9a5c3
df1c8a376ed9,36527ee520d5,58554f4bdc28,d611d51e2a20,56f8f910cb81,6382a318d580,d716ade3ab1c,48bb323e452d,28a30641291f,87017439bad0,620c655d09d4,4de01d76ccae,ec876a17e860,83575dc8dc80,a89ee4e5ed3e,a1506fa41e74,7352775fc497,7c572aeb3f13,8f66477f646c,7cfd31a06791,672416893b76,ca7f84638a61
8f299afacdd0,42d10be441f4,9749a77bcc96,9e19018ef19b,404939ad27db,6382a318d580,d716ade3ab1c,48bb323e452d,795468d8d973,ab0c10beb5c7,547d1fbc079e,4de01d76ccae,96a3655d1697,756653dcabed,b49bd74cf011,e2cf8569465e,57291f65f094,7c572aeb3f13,8f66477f646c,d6b9aa8c53a2,1c0a64a3f04b,9e2b3de9a5c3
0a3734d6db15,708330cd2e1e,5691d4ccb036,9c7e6ecddbd2,404939ad27db,6382a318d580,d716ade3ab1c,48bb323e452d,86ddc4196686,2b0265602ca1,0afc5258c3fa,4de01d76ccae,0daa96adaf26,83575dc8dc80,2ddd5ac32a75,995cffb65bc1,7352775fc497,2dbf72b294d1,8f66477f646c,674095f77b9f,e63a3c5962ae,3142afcdfbd4
9b526c0080bb,a3344c707bdc,da5fd7ca93d8,bdb1b69db94f,404939ad27db,6382a318d580,d716ade3ab1c,48bb323e452d,13ab84dfe29f,683d619c2b4f,7f2cae55fcfa,4de01d76ccae,1d195476dbe2,756653dcabed,5dea79084ff9,ca12f7e0bc26,97fcfadd6aae,2dbf72b294d1,6ded4dc64807,e7b6111e2003,1a6dc4df3879,b5e645a59108
db6d34019963,f24c2cc284e8,5be02d8efa03,c6fe5cf16d0c,404939ad27db,6382a318d580,d716ade3ab1c,48bb323e452d,3808271ce710,0a1a6904b336,e1f5e9510e8d,4de01d76ccae,e8e57fd61350,83575dc8dc80,3ebea2e9cf04,a1506fa41e74,7352775fc497,2dbf72b294d1,8f66477f646c,f515ff631d41,73caf1d88ff9,896d47aac777
38462567dddb,24446c1af5da,00c45a746387,6c05ef86c2a4,404939ad27db,6382a318d580,d716ade3ab1c,48bb323e452d,33eb8cdffbe4,3f33e3112315,620c655d09d4,4de01d76ccae,6c6f72d9b986,756653dcabed,c2790a1dcce7,e2cf8569465e,97fcfadd6aae,2dbf72b294d1,8f66477f646c,d73c212b172c,fde997d8ede6,b1339d49c110
84ecfe499d74,3f9f63d1b06b,d44b87a907f9,7b70fce222b1,404939ad27db,6382a318d580,d716ade3ab1c,48bb323e452d,ec6eac005870,3f33e3112315,00e672016ac8,4de01d76ccae,c5065e61280d,756653dcabed,73fbd6d775c4,e2cf8569465e,7352775fc497,2dbf72b294d1,8f66477f646c,e39f20daadc9,87165c814e41,970899530fed
1ba708733b82,39e3b15b7db0,44dde89905d7,630e86deea1b,404939ad27db,6382a318d580,d716ade3ab1c,48bb323e452d,991cae4a65f6,80b94af64d22,5cafcfc1e1a7,4de01d76ccae,17a69dd0f04d,c4ec0f07fb8f,886a3f6685c4,995cffb65bc1,97fcfadd6aae,2dbf72b294d1,8f66477f646c,a2171b4946c1,d0cbb2885b33,c415a37945ca
1ba708733b82,72157d3fa3b9,e8f850c36611,753060e17da0,56f8f910cb81,6382a318d580,d716ade3ab1c,48bb323e452d,99ef4acf6445,80b94af64d22,b15c2010203b,4de01d76ccae,beee0cb96e87,c4ec0f07fb8f,aec460e29ade,995cffb65bc1,97fcfadd6aae,7c572aeb3f13,8f66477f646c,09b5474a9fb5,65dfd8cf0de8,c415a37945ca
38462567dddb,deddb41f2670,f3ccd974ce20,e8a57a91d131,56f8f910cb81,6382a318d580,d716ade3ab1c,48bb323e452d,6cd0cb61d876,892e70c90b50,ffc7a8c8c9ff,4de01d76ccae,df77b23005b4,756653dcabed,75f720d017e3,e2cf8569465e,7352775fc497,2dbf72b294d1,8f66477f646c,c21c326d9797,17a1999ba8f0,6c2282386829
472e3ed8cc36,ec7716f25f89,137cff61ba8c,8cafa90a3afd,404939ad27db,6382a318d580,d716ade3ab1c,48bb323e452d,6deec34f4a26,8cbaaf4fe287,0afc5258c3fa,4de01d76ccae,07935f571c62,4e2a75df4e3e,1a1e0adad956,541c5eb30195,7352775fc497,7c572aeb3f13,8f66477f646c,e39f20daadc9,60a13fcc92d8,ca8dc9029eee
8f299afacdd0,00e22ba11e39,355d97fc4ab7,f993c6116ad0,404939ad27db,6382a318d580,d716ade3ab1c,48bb323e452d,fcd4cdeb89bb,ba1cd803e0dd,620c655d09d4,4de01d76ccae,d90d3019b784,756653dcabed,e1399bdab36b,e2cf8569465e,7352775fc497,2dbf72b294d1,8f66477f646c,c21c326d9797,e8b0e9378e85,8fafccc0fb64
8f299afacdd0,005ab44998a0,f19f183ef3f9,c5584037e850,404939ad27db,6382a318d580,d716ade3ab1c,48bb323e452d,fcd4cdeb89bb,ba1cd803e0dd,00e672016ac8,4de01d76ccae,d90d3019b784,756653dcabed,e1399bdab36b,e2cf8569465e,7352775fc497,2dbf72b294d1,8f66477f646c,c21c326d9797,e8b0e9378e85,8fafccc0fb64
8f299afacdd0,60536268ff0c,d578f80940eb,dcfd3957de9e,404939ad27db,6382a318d580,d716ade3ab1c,48bb323e452d,128eeace1ee3,f4f0d803c9db,00e672016ac8,4de01d76ccae,b6014e8561a4,756653dcabed,41dd3db8b8f1,e2cf8569465e,97fcfadd6aae,2dbf72b294d1,8f66477f646c,f998841971b1,1a6dc4df3879,6b04e1269d88
f6f8e7019289,c83dfd15f44d,245a48a0f9e0,b7faa6388095,404939ad27db,6382a318d580,d716ade3ab1c,48bb323e452d,f0a0ebd6bad8,db590113cc11,e1f5e9510e8d,4de01d76ccae,04d8f10ba2aa,756653dcabed,e08f284d1bdf,ca12f7e0bc26,ad21b6c84713,2dbf72b294d1,8f66477f646c,c437c623823f,8f986819243d,18bdd996b2d9
8f299afacdd0,ea80176462ed,a6ec92f21f10,9070bdc1ceec,404939ad27db,6382a318d580,d716ade3ab1c,48bb323e452d,fcd4cdeb89bb,ba1cd803e0dd,620c655d09d4,4de01d76ccae,d90d3019b784,756653dcabed,e1399bdab36b,e2cf8569465e,7352775fc497,2dbf72b294d1,8f66477f646c,c21c326d9797,e8b0e9378e85,8fafccc0fb64
8f299afacdd0,f896de23dbe7,be4d0d760568,491f56eb670f,404939ad27db,6382a318d580,d716ade3ab1c,48bb323e452d,d48dae0e3669,f4f0d803c9db,00e672016ac8,4de01d76ccae,62fdc041cb87,756653dcabed,80933a776306,e2cf8569465e,97fcfadd6aae,7c572aeb3f13,8f66477f646c,f998841971b1,a356ff556374,6b04e1269d88
8f299afacdd0,9d43f6723cb8,177a70948b3d,a91a8c8a487e,56f8f910cb81,6382a318d580,d716ade3ab1c,48bb323e452d,795468d8d973,ab0c10beb5c7,4bf29dd69ad1,4de01d76ccae,ae173b2bc10d,756653dcabed,4b09d5f20bae,e2cf8569465e,57291f65f094,2dbf72b294d1,8f66477f646c,d6b9aa8c53a2,1c6e2fece553,9e2b3de9a5c3
df1c8a376ed9,"3,18846E+11",0a49098c0912,2ce1eebf79bd,56f8f910cb81,6382a318d580,d716ade3ab1c,48bb323e452d,8ba0762e8d38,683d619c2b4f,1909f4707fbc,4de01d76ccae,ae8304321c30,83575dc8dc80,70e6db82eba8,a1506fa41e74,7352775fc497,2dbf72b294d1,8f66477f646c,e36764d55ec2,cf55d3c65192,ba696a8446ce
df1c8a376ed9,888e575077ce,dd4094f78e2d,8fe63b9af8dc,56f8f910cb81,6382a318d580,d716ade3ab1c,48bb323e452d,8ba0762e8d38,683d619c2b4f,7f2cae55fcfa,4de01d76ccae,8113e6501649,83575dc8dc80,70e6db82eba8,a1506fa41e74,7352775fc497,2dbf72b294d1,8f66477f646c,e36764d55ec2,cf55d3c65192,ba696a8446ce
84ecfe499d74,b9e0bd684996,879539a4a63f,00644e8bf8b4,404939ad27db,6382a318d580,d716ade3ab1c,48bb323e452d,4ac29cd5efa5,ab0c10beb5c7,00e672016ac8,4de01d76ccae,9d6c25d0b773,756653dcabed,ff9e88550944,e2cf8569465e,97fcfadd6aae,2dbf72b294d1,8f66477f646c,d722adc32b8c,b56e65895c3c,a51e9da7a54e
84ecfe499d74,8b35129d753f,59c65b56d03b,1e2c1ae0ed38,404939ad27db,6382a318d580,d716ade3ab1c,48bb323e452d,7c3abdce0cd6,892e70c90b50,620c655d09d4,4de01d76ccae,8d95d36b3f16,756653dcabed,5e87210fdf45,e2cf8569465e,97fcfadd6aae,7c572aeb3f13,8f66477f646c,d722adc32b8c,0c932978e0e0,69e655ee45d3
84ecfe499d74,888ef6f6cfcc,6d79bdba3136,17e404bce831,404939ad27db,6382a318d580,d716ade3ab1c,48bb323e452d,7c3abdce0cd6,892e70c90b50,00e672016ac8,4de01d76ccae,072f6b04f349,756653dcabed,5e87210fdf45,e2cf8569465e,97fcfadd6aae,7c572aeb3f13,8f66477f646c,d722adc32b8c,b56e65895c3c,69e655ee45d3
84ecfe499d74,45035a8d888e,946000519e3b,d159ffdf0431,404939ad27db,6382a318d580,d716ade3ab1c,48bb323e452d,7c3abdce0cd6,892e70c90b50,00e672016ac8,4de01d76ccae,ee29d04f20e2,756653dcabed,ff9e88550944,e2cf8569465e,97fcfadd6aae,2dbf72b294d1,8f66477f646c,d722adc32b8c,b56e65895c3c,69e655ee45d3
0a3734d6db15,0149751f4c58,08407e2f7981,99d94fd9aaf2,404939ad27db,6382a318d580,d716ade3ab1c,48bb323e452d,563766e851d0,534f5144ebbb,1909f4707fbc,4de01d76ccae,c0c69e39d885,83575dc8dc80,3a02a6ab4533,995cffb65bc1,7352775fc497,2dbf72b294d1,8f66477f646c,8b3844c30586,9b1734a46970,3c3348cc38b3
0a3734d6db15,8ed54a8305b3,59b122f4a157,79be159b84b8,404939ad27db,6382a318d580,d716ade3ab1c,48bb323e452d,563766e851d0,534f5144ebbb,1909f4707fbc,4de01d76ccae,6180a41f407a,83575dc8dc80,4e2cb0e88415,995cffb65bc1,7352775fc497,7c572aeb3f13,8f66477f646c,8b3844c30586,9b1734a46970,3c3348cc38b3
9849403da850,22d8226d1d80,50a68fb4ce21,3d3bce6ba311,56f8f910cb81,6382a318d580,d716ade3ab1c,48bb323e452d,23e3c97d9658,15333a08eda1,1909f4707fbc,4de01d76ccae,23373414d6b6,756653dcabed,e2fbe3d16651,bf543ca63d18,7b508042d539,2dbf72b294d1,8f66477f646c,1109674b94ea,cec12885b0b0,299136019f1d
38462567dddb,700bc5865638,115c0f34baf0,800389bb1046,404939ad27db,6382a318d580,d716ade3ab1c,48bb323e452d,dd1b995bcbab,3f33e3112315,620c655d09d4,4de01d76ccae,321150e5d666,756653dcabed,2eebb8138da1,e2cf8569465e,97fcfadd6aae,2dbf72b294d1,8f66477f646c,f998841971b1,93c7061938b3,b1339d49c110
db6d34019963,11903ec000fd,52e2cb3c9cbb,c8f637774a46,404939ad27db,6382a318d580,d716ade3ab1c,48bb323e452d,3808271ce710,0a1a6904b336,b1702bf87abd,4de01d76ccae,fb0cbc8ea70a,83575dc8dc80,6ff8525d582b,a1506fa41e74,7352775fc497,7c572aeb3f13,8f66477f646c,f515ff631d41,dcce6e0006a3,896d47aac777
0be20aeac075,4f5301dc87e1,8ca44d782056,0d765b7e18ef,404939ad27db,6382a318d580,d716ade3ab1c,48bb323e452d,701ff6666c15,debbed8d4496,547d1fbc079e,4de01d76ccae,b0d61409d072,83575dc8dc80,d3afa3be697e,a1506fa41e74,7352775fc497,7c572aeb3f13,8f66477f646c,246f9958003a,15a38405c178,19e2b86fe736
0be20aeac075,232264aa9115,3be9a26562c9,86bfc75d59e7,404939ad27db,6382a318d580,d716ade3ab1c,48bb323e452d,37f04650e47f,9314d7ed9792,00e672016ac8,4de01d76ccae,a283a33b2666,83575dc8dc80,d126cf14a2e6,a1506fa41e74,7352775fc497,7c572aeb3f13,6ded4dc64807,db065f5d38ed,bab845b6656e,21e4b993995a
0be20aeac075,b4f59ed4ced4,b208820065de,2be538c144dd,404939ad27db,6382a318d580,d716ade3ab1c,48bb323e452d,37f04650e47f,9314d7ed9792,547d1fbc079e,4de01d76ccae,140da3fc070f,83575dc8dc80,0cdcced8907d,a1506fa41e74,7352775fc497,7c572aeb3f13,8f66477f646c,e36764d55ec2,dcd02dc208df,21e4b993995a
9849403da850,b830ac5f2d30,b74266163a84,d5d392999397,404939ad27db,6382a318d580,d716ade3ab1c,48bb323e452d,23e3c97d9658,15333a08eda1,3cff0c4a8957,4de01d76ccae,0c1beeb48a1f,756653dcabed,e2fbe3d16651,bf543ca63d18,7b508042d539,2dbf72b294d1,8f66477f646c,1109674b94ea,a9a07d0a7388,299136019f1d
9849403da850,5dd2fed6ff97,4f4b253dfb66,dfdc47a1473b,56f8f910cb81,6382a318d580,d716ade3ab1c,48bb323e452d,23e3c97d9658,15333a08eda1,3cff0c4a8957,4de01d76ccae,045fda07d995,756653dcabed,e2fbe3d16651,bf543ca63d18,7b508042d539,2dbf72b294d1,8f66477f646c,1109674b94ea,919830daf4f7,299136019f1d
9849403da850,7c72460a995f,"2,48E+230",c55a307d88e7,404939ad27db,6382a318d580,d716ade3ab1c,48bb323e452d,23e3c97d9658,15333a08eda1,1909f4707fbc,4de01d76ccae,57367b9ec7a2,756653dcabed,e2fbe3d16651,bf543ca63d18,7b508042d539,2dbf72b294d1,8f66477f646c,1109674b94ea,6c4739588d18,299136019f1d
9849403da850,854e5afa9228,d011dd8e2260,9e69c0e4cca6,404939ad27db,6382a318d580,d716ade3ab1c,48bb323e452d,23e3c97d9658,15333a08eda1,d81128d28c25,4de01d76ccae,57367b9ec7a2,756653dcabed,e2fbe3d16651,bf543ca63d18,7b508042d539,2dbf72b294d1,8f66477f646c,1109674b94ea,77bb7469c92d,299136019f1d
9849403da850,a7cc194a4071,e6ad5ef3bf98,5e3be1de3325,404939ad27db,6382a318d580,d716ade3ab1c,48bb323e452d,23e3c97d9658,15333a08eda1,547d1fbc079e,4de01d76ccae,225df995adb9,756653dcabed,e2fbe3d16651,bf543ca63d18,7b508042d539,2dbf72b294d1,8f66477f646c,1109674b94ea,de6c940185e2,299136019f1d
9849403da850,53c64d319748,4b59fb625b1f,983ec5f41e2d,56f8f910cb81,6382a318d580,d716ade3ab1c,48bb323e452d,23e3c97d9658,15333a08eda1,14870a394f99,4de01d76ccae,816f9a344497,756653dcabed,e2fbe3d16651,bf543ca63d18,7b508042d539,2dbf72b294d1,8f66477f646c,1109674b94ea,c25a3e64e23d,299136019f1d
9849403da850,2aad283fbff2,bb9b9379a2ee,10ab37c662f0,56f8f910cb81,6382a318d580,d716ade3ab1c,48bb323e452d,23e3c97d9658,15333a08eda1,fb2ecb3f70d4,4de01d76ccae,46f60f51a390,756653dcabed,e2fbe3d16651,bf543ca63d18,7b508042d539,2dbf72b294d1,8f66477f646c,1109674b94ea,f778728d67de,299136019f1d
9849403da850,86f63825f0ea,d16cfe6c0014,558b21dd069b,404939ad27db,6382a318d580,d716ade3ab1c,48bb323e452d,23e3c97d9658,15333a08eda1,1909f4707fbc,4de01d76ccae,55b7bb88f823,756653dcabed,e2fbe3d16651,bf543ca63d18,7b508042d539,2dbf72b294d1,8f66477f646c,1109674b94ea,c07d30d44c0d,299136019f1d
9849403da850,95b8d5064777,1285b9c4dfe2,4f3cdaad5fdb,404939ad27db,6382a318d580,d716ade3ab1c,48bb323e452d,23e3c97d9658,15333a08eda1,91906b4260da,4de01d76ccae,1ee72dd7b664,756653dcabed,e2fbe3d16651,bf543ca63d18,7b508042d539,2dbf72b294d1,8f66477f646c,1109674b94ea,23a929d82752,299136019f1d
9849403da850,26114e9e182b,4fe13a0d2ae2,4af883b19aab,56f8f910cb81,6382a318d580,d716ade3ab1c,48bb323e452d,23e3c97d9658,15333a08eda1,14870a394f99,4de01d76ccae,55b7bb88f823,756653dcabed,e2fbe3d16651,bf543ca63d18,7b508042d539,2dbf72b294d1,8f66477f646c,1109674b94ea,d27dfb830565,299136019f1d
9849403da850,8310c81e6be4,d1d0f5519f99,4378a9bc6bb5,56f8f910cb81,6382a318d580,d716ade3ab1c,48bb323e452d,23e3c97d9658,15333a08eda1,1909f4707fbc,4de01d76ccae,81480e2c8600,756653dcabed,e2fbe3d16651,bf543ca63d18,7b508042d539,2dbf72b294d1,8f66477f646c,1109674b94ea,1b50d0e864ce,299136019f1d
9849403da850,2944bffea33b,51d8cb75787c,56048f454f69,404939ad27db,6382a318d580,d716ade3ab1c,48bb323e452d,23e3c97d9658,15333a08eda1,547d1fbc079e,4de01d76ccae,737f65c6fb1d,756653dcabed,e2fbe3d16651,bf543ca63d18,7b508042d539,2dbf72b294d1,8f66477f646c,1109674b94ea,de6c940185e2,299136019f1d
0be20aeac075,becac9164065,7291ae214f49,c9cf04b83981,404939ad27db,6382a318d580,d716ade3ab1c,48bb323e452d,37f04650e47f,9314d7ed9792,0afc5258c3fa,4de01d76ccae,0173fca44fc7,83575dc8dc80,d126cf14a2e6,a1506fa41e74,7352775fc497,7c572aeb3f13,6ded4dc64807,db065f5d38ed,666226b60222,21e4b993995a
9849403da850,"8,77E+103",499d0d43b458,158f5cd5bb99,56f8f910cb81,6382a318d580,d716ade3ab1c,48bb323e452d,23e3c97d9658,15333a08eda1,1909f4707fbc,4de01d76ccae,b4bb25d073bd,756653dcabed,e2fbe3d16651,bf543ca63d18,7b508042d539,2dbf72b294d1,8f66477f646c,1109674b94ea,81a92b55ad4d,299136019f1d
38462567dddb,2e9487fcf499,b60ba3c0dbe3,81955db3c1ea,404939ad27db,6382a318d580,d716ade3ab1c,48bb323e452d,ec6eac005870,3f33e3112315,620c655d09d4,4de01d76ccae,437a9e9c6c84,756653dcabed,9c4dc5319e2f,e2cf8569465e,97fcfadd6aae,2dbf72b294d1,8f66477f646c,d722adc32b8c,93c7061938b3,b1339d49c110
84ecfe499d74,b52ebc090b06,eb63d7c589b0,17345a0393ac,404939ad27db,6382a318d580,d716ade3ab1c,48bb323e452d,7c3abdce0cd6,892e70c90b50,00e672016ac8,4de01d76ccae,072f6b04f349,756653dcabed,ff9e88550944,e2cf8569465e,97fcfadd6aae,2dbf72b294d1,8f66477f646c,d722adc32b8c,b56e65895c3c,69e655ee45d3
